,song,artist,urls
0,Oxygen,Twotrees,https://open.spotify.com/track/1TQWP9HwvLp516cBWqtEyx
1,Kiddish,Refeeld,https://open.spotify.com/track/3aJGP2lJwgsCduog1jmGuE
2,Overseas,Saï T,https://open.spotify.com/track/0FDlU2i5VMYhSNKy7WNYau
3,Grandma's Radio,Bequem,https://open.spotify.com/track/6QeOUYs8lkF3jIqhiuPkqc
4,Longing For,damaa.beats,https://open.spotify.com/track/5pRqyaTUGcdrwcvWualdHn
5,Expedition,LostiFi,https://open.spotify.com/track/5az0lrIHg8WDWP547g1gNw
6,Moonflower,Shierro,https://open.spotify.com/track/1F5wcnZz4GRqWUm6dzrFnp
7,Foggy Day,Zmeyev,https://open.spotify.com/track/58OKPDQD0TnDb0Od3dbGHa
8,Coast to Coast,Jay-Lounge,https://open.spotify.com/track/6nHVIXSGuHzknmQOuUsnj9
9,Marauders,Nogymx,https://open.spotify.com/track/5I34ZsFsE9zTkdHjTnRyYA
10,Mountain Café,l'Outlander,https://open.spotify.com/track/2OJdqZqdntPaA6QQgxDO7c
11,Evening Roses,Hoogway,https://open.spotify.com/track/5bBFLCMyiw4Q4TGl4t814p
12,Just Chillin',Downtown Owl,https://open.spotify.com/track/7oxalydBrUM3znIiTM5P9R
13,opium poppy,Sátyr,https://open.spotify.com/track/4shSkWNpPgYetDVQosQugZ
14,"With Her, Without Her",Last Memories,https://open.spotify.com/track/0yaBYaPzDqEvN0bYJzxnG8
15,Warm Breeze,Screen Jazzmaster,https://open.spotify.com/track/5728OBye3peeIkv9qlps0H
16,Blame It on Me,RenBoz,https://open.spotify.com/track/5dPdFjWBCaIEdwzItjqNeW
17,Cosmic Web,Purrple Cat,https://open.spotify.com/track/7FSU3kJPedAvx8a5Sbi62m
18,Day Drifting,Teo,https://open.spotify.com/track/55LliCM5kkioTHHFFgkVAd
19,Wood Berry,Cosmonkey,https://open.spotify.com/track/0xPzTIrpPSn29lJp6XFo9W
20,Feels,Chill Beats Music,https://open.spotify.com/track/4Vekrmrj2S8ZrUlxbVMmsR
21,Benches,No Spirit,https://open.spotify.com/track/4vEx4TerGNnyjGR60gzXYI
22,Beyond My Sight,H.1,https://open.spotify.com/track/7tT00DTuukaojjAAxmrjqv
23,Feelings,Chill Beats Music,https://open.spotify.com/track/3CvG7729hBSNpP3S9epNtU
24,When Summer Comes,namzzo,https://open.spotify.com/track/2gzdFP67lkzpdSmLKg5R7C
25,Icyayi,Chill Beats Music,https://open.spotify.com/track/2ycutnKbnAJHVKQ3cNMamQ
26,Waking up Early,Tibeauthetraveler,https://open.spotify.com/track/3lxbyzX36Lrkl99xkwXzm1
27,Romeo's Interlude,Woodville,https://open.spotify.com/track/0y8QbNzjsCMYbPxSoSU8QV
28,Where Were You,softy,https://open.spotify.com/track/6DAM6X44F0ghkVJ3LCwy0z
29,Road Is Mine,Project AER,https://open.spotify.com/track/7JLotSAhXp3wGI0vOwYjzM
30,Palm Sways,Loafy Building,https://open.spotify.com/track/34yGHmCajATZleHXZ6xyFn
31,Morning in Tbilisi,Screen Jazzmaster,https://open.spotify.com/track/0eUyvXi1OHuJxikJau7tiw
32,rue des rosiers,l'Outlander,https://open.spotify.com/track/4u6HB2WGajSD5tqgJU1ibB
33,It's All Different Now,vhsgus,https://open.spotify.com/track/40WiGkZKPR9kFpMIC0qSiQ
34,Pointless,Enluv,https://open.spotify.com/track/3p7XtEhSqQuRaZtTtsxsNI
35,Chilled Moments,Downtown Owl,https://open.spotify.com/track/0ZrXecbl1huEmQYAVBmTFs
36,Moonlight Vibes,Zmeyev,https://open.spotify.com/track/5vmCNAuHKG8dxCUcUmmUvC
37,Finding You,softy,https://open.spotify.com/track/5T2ogJEsiQczEzqVJ0TQjN
38,Childhood Dreams,Kayou.,https://open.spotify.com/track/1fk3DPjrgmmeLX7urEDN1w
39,You Can Do It,Yestalgia,https://open.spotify.com/track/4JikzgX4HfLkurA2txYPdU
40,Daylight,Zmeyev,https://open.spotify.com/track/0eqh4wVjHN1pMuxh8me4kN
41,Lost in Thoughts,Chill Beats Music,https://open.spotify.com/track/3tbjXCP1GBguGJgD6gWYf2
42,Beach Time,Hoffy Beats,https://open.spotify.com/track/09Ynz9gdxbHguW3qVwC6pa
43,Violeta,TABAL,https://open.spotify.com/track/3ckuLQ4V3sm1cBP58Qh45g
44,When You Listen in a Seashell,a boy with a balloon,https://open.spotify.com/track/36yvqxZxi648NAsL4C6ThM
45,Sleep Well,lower fidelity,https://open.spotify.com/track/6KocN4RZWrRE3IxceU9j5q
46,Rituals,Leave,https://open.spotify.com/track/7F9hBhvAremTysz2qepPUv
47,Always Blue,.Sinh,https://open.spotify.com/track/28kiHT6zsQr4XBTlh6ZM4k
48,Heart-Shaped Pebbles,Loafy Building,https://open.spotify.com/track/5qJZI8bLB2OftRkPYkgBE2
49,Anxiety,Zmeyev,https://open.spotify.com/track/4atvCeHtLVtnDQLXOZ0kMx
50,Slide,Goson,https://open.spotify.com/track/3o4E6Xq9dUTT4imswVdIXh
51,Rainy Friday,RejSende,https://open.spotify.com/track/0YDPNHKTSC0agSj7BJRkLA
52,Memory Shards,Chill Beats Music,https://open.spotify.com/track/25MlK7s6TRAvI3JBHrwvyL
53,Soteira,Sátyr,https://open.spotify.com/track/2wC81TCaxUTuZMvUtado8e
54,Okay,Downtown Owl,https://open.spotify.com/track/4WMXPm0WaIw49o8fUO3cKD
55,Another Time,sftspkn,https://open.spotify.com/track/7KLeEGuKXzWPyAH7xKlRqL
56,Jungle,Rnla,https://open.spotify.com/track/303XZmwNkMfh6XfWbyT9zD
57,Humble Eyes,Novvel,https://open.spotify.com/track/6rUo4x4NH8V7KnPXMdfkZj
58,Galactic Strings,LostiFi,https://open.spotify.com/track/30lm0PNbPCsWJXdYBqLL5R
59,One for Mihas,Chill Beats Music,https://open.spotify.com/track/57pNfaL22ySEQJWcrYHux7
60,Alone,Linearwave,https://open.spotify.com/track/2Q4ANCinWR99oti6sftyVc
61,Tyul,l'Outlander,https://open.spotify.com/track/602IcSITJhnIF1UYueykxE
62,Coca Leaf,Rudy Raw,https://open.spotify.com/track/13QGO1Y1auRglUajXeYeOP
63,Just a Dream,softy,https://open.spotify.com/track/6HoPbLOXLboCJmTeZJSxbO
64,Magnolia,Teo,https://open.spotify.com/track/5ntvgPtBosx0PNSgZqc1rg
65,Free Wandering,Zmeyev,https://open.spotify.com/track/0uTA2VE1fm6ZGQyqEWTm3v
66,Trip Back Home,Chill Beats Music,https://open.spotify.com/track/3iFofgOMwY9qA33JMLT7W5
67,Invisible,Glimlip,https://open.spotify.com/track/09FaefBumudFplu9w2Hl7w
68,Simplicity,Nogymx,https://open.spotify.com/track/648lSR87i2zqGDiX5H00i6
69,Turning Point,Project AER,https://open.spotify.com/track/5XtvhUO8SfybqHtdOb4Yo3
70,Just Chillin',Downtown Owl,https://open.spotify.com/track/7oxalydBrUM3znIiTM5P9R
71,I Never Wanted to Leave,Last Memories,https://open.spotify.com/track/3JhTGOEP36gCdtpMgzaWGO
72,Dusk,Hoffy Beats,https://open.spotify.com/track/76P6IAfqgcPxYLhaS980si
73,Solsikker & Tulpen,Hoffy Beats,https://open.spotify.com/track/5jCR7Mp4ocsWHMBYlupiH1
74,Moonlit Nights,Board-Man,https://open.spotify.com/track/4hQmuBZYpWQTLiiIpkJCUd
75,Thoughts of Clouds,SicknessMP,https://open.spotify.com/track/0HvytyhVaAnNA3rgVPZN1i
76,Sidewalks,softy,https://open.spotify.com/track/3L0Jy0nnsrrqufsta4FofW
77,Back To Home,Zmeyev,https://open.spotify.com/track/2etLkI00MIuvLIyuh5FbTD
78,Mango Tree,Worldtraveller,https://open.spotify.com/track/4Jejaq34IYj4cTMOM7ADMw
79,Leaves,Cosmonkey,https://open.spotify.com/track/2hvrjpzkMmICannbkh0dTn
80,Blossom,Zmeyev,https://open.spotify.com/track/1VbeCizmvewLknI2ZiIliF
81,Infinite,Purrple Cat,https://open.spotify.com/track/2ml1buRZv8UvqTNb8JWi85
82,Nuz An Tara,SicknessMP,https://open.spotify.com/track/7rwsFWNQmvPk7GovBbSE9U
83,Rose Garden,Chill Beats Music,https://open.spotify.com/track/7cNdpzgouP88cs4sNNAqiA
84,Seaside Memories,namzzo,https://open.spotify.com/track/1utbwttyRSdLr5tlUY1t40
85,Waterfall,Goson,https://open.spotify.com/track/3qS7Tgzj2C20UFfbPayzJc
86,With You,Glimlip,https://open.spotify.com/track/6aYbVwLAaRsDNKT5jUUAWO
87,Expedition,LostiFi,https://open.spotify.com/track/5az0lrIHg8WDWP547g1gNw
88,Mindfulness,Saï T,https://open.spotify.com/track/2WYiVWTXflf49CyF5Vgn93
89,Floating,Chill Beats Music,https://open.spotify.com/track/5Z8WFdnUTsvPBE73EBuNpR
90,Almost Spring,Bequem,https://open.spotify.com/track/3r83YJyUvkbnIsR9KT45x0
91,Sadness,Chill Beats Music,https://open.spotify.com/track/568r84al9Dvsk1OeMA6eed
92,Reminisce,Glimlip,https://open.spotify.com/track/4aD3EK2GsDCBvvbcBOcu32
93,Koyo,SamuW,https://open.spotify.com/track/4gb9M8C5UMG1mlYotiilNA
94,Eternal Sunshine,Simber,https://open.spotify.com/track/5AJ7rz4GruAuk3I43sAgxa
95,On the Road,Tibeauthetraveler,https://open.spotify.com/track/3atGqPz2Zwfmnm1e3NiIGU
96,Time Away,Slowheal,https://open.spotify.com/track/3XtzMSNxW0vBJaCv9pSLQa
97,Over You,Byjoelmichael,https://open.spotify.com/track/19nHtOt3U7llh1s4XBpZ7g
98,Koffie & Sukker,Hoffy Beats,https://open.spotify.com/track/7xpWUZ7pHcuAHUQqHeJKEX
99,Rainy Afternoon,Chill Beats Music,https://open.spotify.com/track/3nZKjSxHPhOah5tZqTsWh6
100,Gente Tóxica (feat. Rozalén),Twotrees,https://open.spotify.com/track/1TQWP9HwvLp516cBWqtEyx
101,Bartleby & Co.,Refeeld,https://open.spotify.com/track/3aJGP2lJwgsCduog1jmGuE
102,Veneno,Saï T,https://open.spotify.com/track/0FDlU2i5VMYhSNKy7WNYau
103,No Lo Volveré a Hacer Más,Bequem,https://open.spotify.com/track/6QeOUYs8lkF3jIqhiuPkqc
104,A Chitón,damaa.beats,https://open.spotify.com/track/5pRqyaTUGcdrwcvWualdHn
105,El Vals del Obrero,LostiFi,https://open.spotify.com/track/5az0lrIHg8WDWP547g1gNw
106,Danza dell'autumno rosa,Shierro,https://open.spotify.com/track/1F5wcnZz4GRqWUm6dzrFnp
107,Bella ciao,Zmeyev,https://open.spotify.com/track/58OKPDQD0TnDb0Od3dbGHa
108,La torre,Jay-Lounge,https://open.spotify.com/track/6nHVIXSGuHzknmQOuUsnj9
109,Piedra Contra Tijera,Nogymx,https://open.spotify.com/track/5I34ZsFsE9zTkdHjTnRyYA
110,"Cuando Nada, Vale Nada",l'Outlander,https://open.spotify.com/track/2OJdqZqdntPaA6QQgxDO7c
111,Motxalo!,Hoogway,https://open.spotify.com/track/5bBFLCMyiw4Q4TGl4t814p
112,Esclavos del Siglo XXI,Downtown Owl,https://open.spotify.com/track/7oxalydBrUM3znIiTM5P9R
113,Cómo Convertirse en Nada,Sátyr,https://open.spotify.com/track/4shSkWNpPgYetDVQosQugZ
114,Fóllate al Lider,Last Memories,https://open.spotify.com/track/0yaBYaPzDqEvN0bYJzxnG8
115,Voy a Celebrarlo,Screen Jazzmaster,https://open.spotify.com/track/5728OBye3peeIkv9qlps0H
116,Cuando sale el sol,RenBoz,https://open.spotify.com/track/5dPdFjWBCaIEdwzItjqNeW
117,La Gente,Purrple Cat,https://open.spotify.com/track/7FSU3kJPedAvx8a5Sbi62m
118,Cada Vez,Teo,https://open.spotify.com/track/55LliCM5kkioTHHFFgkVAd
119,Octubres rotos,Cosmonkey,https://open.spotify.com/track/0xPzTIrpPSn29lJp6XFo9W
120,Cuando Salga el Sol,Chill Beats Music,https://open.spotify.com/track/4Vekrmrj2S8ZrUlxbVMmsR
121,Por ti,No Spirit,https://open.spotify.com/track/4vEx4TerGNnyjGR60gzXYI
122,Las Drogas,H.1,https://open.spotify.com/track/7tT00DTuukaojjAAxmrjqv
123,...En Este Infierno,Chill Beats Music,https://open.spotify.com/track/3CvG7729hBSNpP3S9epNtU
124,Héroes del Sábado,namzzo,https://open.spotify.com/track/2gzdFP67lkzpdSmLKg5R7C
125,La Inmensidad,Chill Beats Music,https://open.spotify.com/track/2ycutnKbnAJHVKQ3cNMamQ
126,1932,Tibeauthetraveler,https://open.spotify.com/track/3lxbyzX36Lrkl99xkwXzm1
127,Canela en Rama,Woodville,https://open.spotify.com/track/0y8QbNzjsCMYbPxSoSU8QV
128,Por Tu Olor,softy,https://open.spotify.com/track/6DAM6X44F0ghkVJ3LCwy0z
129,Lo Mal Que Estoy (y Lo Poco Que Me Quejo),Project AER,https://open.spotify.com/track/7JLotSAhXp3wGI0vOwYjzM
130,Mi jefe,Loafy Building,https://open.spotify.com/track/34yGHmCajATZleHXZ6xyFn
131,Aquí huele como que han fumao,Screen Jazzmaster,https://open.spotify.com/track/0eUyvXi1OHuJxikJau7tiw
132,El sonajero,l'Outlander,https://open.spotify.com/track/4u6HB2WGajSD5tqgJU1ibB
133,Hijo de la Luna,vhsgus,https://open.spotify.com/track/40WiGkZKPR9kFpMIC0qSiQ
134,Deja de Llorar,Enluv,https://open.spotify.com/track/3p7XtEhSqQuRaZtTtsxsNI
135,Un Millón de Sueños,Downtown Owl,https://open.spotify.com/track/0ZrXecbl1huEmQYAVBmTFs
136,Lost You in a Second,Zmeyev,https://open.spotify.com/track/5vmCNAuHKG8dxCUcUmmUvC
137,Radio Rebelde,softy,https://open.spotify.com/track/5T2ogJEsiQczEzqVJ0TQjN
138,You Got A Problem Without Knowing It,Kayou.,https://open.spotify.com/track/1fk3DPjrgmmeLX7urEDN1w
139,La Gente Es Imbécil,Yestalgia,https://open.spotify.com/track/4JikzgX4HfLkurA2txYPdU
140,Idiomix,Zmeyev,https://open.spotify.com/track/0eqh4wVjHN1pMuxh8me4kN
141,Conspiranoid,Chill Beats Music,https://open.spotify.com/track/3tbjXCP1GBguGJgD6gWYf2
142,Hoy,Hoffy Beats,https://open.spotify.com/track/09Ynz9gdxbHguW3qVwC6pa
143,Sexo en la Calle,TABAL,https://open.spotify.com/track/3ckuLQ4V3sm1cBP58Qh45g
144,A Tu Vera,a boy with a balloon,https://open.spotify.com/track/36yvqxZxi648NAsL4C6ThM
145,La flama,lower fidelity,https://open.spotify.com/track/6KocN4RZWrRE3IxceU9j5q
146,Amb l'esperança entre les dents,Leave,https://open.spotify.com/track/7F9hBhvAremTysz2qepPUv
147,Renaixem,.Sinh,https://open.spotify.com/track/28kiHT6zsQr4XBTlh6ZM4k
148,Con Tol Deskaro,Loafy Building,https://open.spotify.com/track/5qJZI8bLB2OftRkPYkgBE2
149,Esta Noche,Zmeyev,https://open.spotify.com/track/4atvCeHtLVtnDQLXOZ0kMx
150,Vamos Sobradas,Goson,https://open.spotify.com/track/3o4E6Xq9dUTT4imswVdIXh
151,Zerua Lurrera (Rinconada Remix),RejSende,https://open.spotify.com/track/0YDPNHKTSC0agSj7BJRkLA
152,Orekariak,Chill Beats Music,https://open.spotify.com/track/25MlK7s6TRAvI3JBHrwvyL
153,Mundu Berri Baten Mapa,Sátyr,https://open.spotify.com/track/2wC81TCaxUTuZMvUtado8e
154,Get out of My Head,Downtown Owl,https://open.spotify.com/track/4WMXPm0WaIw49o8fUO3cKD
155,Ultra Thrash,sftspkn,https://open.spotify.com/track/7KLeEGuKXzWPyAH7xKlRqL
156,Brutal Gadget,Rnla,https://open.spotify.com/track/303XZmwNkMfh6XfWbyT9zD
157,Vida,Novvel,https://open.spotify.com/track/6rUo4x4NH8V7KnPXMdfkZj
158,Nit salvatge,LostiFi,https://open.spotify.com/track/30lm0PNbPCsWJXdYBqLL5R
159,Guarda'm l'aire,Chill Beats Music,https://open.spotify.com/track/57pNfaL22ySEQJWcrYHux7
160,Ahí Van los Locos,Linearwave,https://open.spotify.com/track/2Q4ANCinWR99oti6sftyVc
161,La Secreta,l'Outlander,https://open.spotify.com/track/602IcSITJhnIF1UYueykxE
162,Mis Amigos,Rudy Raw,https://open.spotify.com/track/13QGO1Y1auRglUajXeYeOP
163,En Alguna Calle,softy,https://open.spotify.com/track/6HoPbLOXLboCJmTeZJSxbO
164,Rastros,Teo,https://open.spotify.com/track/5ntvgPtBosx0PNSgZqc1rg
165,Noche de Artistas,Zmeyev,https://open.spotify.com/track/0uTA2VE1fm6ZGQyqEWTm3v
166,Lligar no és lo teu,Chill Beats Music,https://open.spotify.com/track/3iFofgOMwY9qA33JMLT7W5
167,A Solas,Glimlip,https://open.spotify.com/track/09FaefBumudFplu9w2Hl7w
168,13 dies més,Nogymx,https://open.spotify.com/track/648lSR87i2zqGDiX5H00i6
169,Cicatrices,Project AER,https://open.spotify.com/track/5XtvhUO8SfybqHtdOb4Yo3
170,Piratas,Downtown Owl,https://open.spotify.com/track/7oxalydBrUM3znIiTM5P9R
171,Bicho raro,Last Memories,https://open.spotify.com/track/3JhTGOEP36gCdtpMgzaWGO
172,Reproches,Hoffy Beats,https://open.spotify.com/track/76P6IAfqgcPxYLhaS980si
173,Fresas con nata,Hoffy Beats,https://open.spotify.com/track/5jCR7Mp4ocsWHMBYlupiH1
174,"A veces se me pasa, a veces paso",Board-Man,https://open.spotify.com/track/4hQmuBZYpWQTLiiIpkJCUd
175,Química,SicknessMP,https://open.spotify.com/track/0HvytyhVaAnNA3rgVPZN1i
176,Mira Pa Otro Lao,softy,https://open.spotify.com/track/3L0Jy0nnsrrqufsta4FofW
177,Nos Vamos a Comer el Mundo,Zmeyev,https://open.spotify.com/track/2etLkI00MIuvLIyuh5FbTD
178,Cristales Rotos,Worldtraveller,https://open.spotify.com/track/4Jejaq34IYj4cTMOM7ADMw
179,Velociraptor Vegano,Cosmonkey,https://open.spotify.com/track/2hvrjpzkMmICannbkh0dTn
180,La Cigarra y la Hormiga,Zmeyev,https://open.spotify.com/track/1VbeCizmvewLknI2ZiIliF
181,El Marginal,Purrple Cat,https://open.spotify.com/track/2ml1buRZv8UvqTNb8JWi85
182,Los Borbones Son Unos Ladrones,SicknessMP,https://open.spotify.com/track/7rwsFWNQmvPk7GovBbSE9U
183,La Noche,Chill Beats Music,https://open.spotify.com/track/7cNdpzgouP88cs4sNNAqiA
184,A Machete Voy,namzzo,https://open.spotify.com/track/1utbwttyRSdLr5tlUY1t40
185,Creen Que Saben,Goson,https://open.spotify.com/track/3qS7Tgzj2C20UFfbPayzJc
186,No Quiero Mas Na,Glimlip,https://open.spotify.com/track/6aYbVwLAaRsDNKT5jUUAWO
187,Vuelve,LostiFi,https://open.spotify.com/track/5az0lrIHg8WDWP547g1gNw
188,Lo siento,Saï T,https://open.spotify.com/track/2WYiVWTXflf49CyF5Vgn93
189,Te echo de menos,Chill Beats Music,https://open.spotify.com/track/5Z8WFdnUTsvPBE73EBuNpR
190,Frozen Desert,Bequem,https://open.spotify.com/track/3r83YJyUvkbnIsR9KT45x0
191,Fresh Air,Chill Beats Music,https://open.spotify.com/track/568r84al9Dvsk1OeMA6eed
192,Dame,Glimlip,https://open.spotify.com/track/4aD3EK2GsDCBvvbcBOcu32
193,My Sound,SamuW,https://open.spotify.com/track/4gb9M8C5UMG1mlYotiilNA
194,Raggamuffin School,Simber,https://open.spotify.com/track/5AJ7rz4GruAuk3I43sAgxa
195,The Song - Latin Edition,Tibeauthetraveler,https://open.spotify.com/track/3atGqPz2Zwfmnm1e3NiIGU
196,Judging Not,Slowheal,https://open.spotify.com/track/3XtzMSNxW0vBJaCv9pSLQa
197,Hay Que Entrar,Byjoelmichael,https://open.spotify.com/track/19nHtOt3U7llh1s4XBpZ7g
198,Sacrificio,Hoffy Beats,https://open.spotify.com/track/7xpWUZ7pHcuAHUQqHeJKEX
199,Long Time,Chill Beats Music,https://open.spotify.com/track/3nZKjSxHPhOah5tZqTsWh6
200,Tear Me Down (feat. Philip Rustad),Twotrees,https://open.spotify.com/track/1TQWP9HwvLp516cBWqtEyx
201,The Best Days (feat. Tabitha),Refeeld,https://open.spotify.com/track/3aJGP2lJwgsCduog1jmGuE
202,One Night,Saï T,https://open.spotify.com/track/0FDlU2i5VMYhSNKy7WNYau
203,What I'd Give,Bequem,https://open.spotify.com/track/6QeOUYs8lkF3jIqhiuPkqc
204,Skinny Dip (Komodo) [feat. Philip Strand],damaa.beats,https://open.spotify.com/track/5pRqyaTUGcdrwcvWualdHn
205,Walk Thru Fire,LostiFi,https://open.spotify.com/track/5az0lrIHg8WDWP547g1gNw
206,Better Off Alone,Shierro,https://open.spotify.com/track/1F5wcnZz4GRqWUm6dzrFnp
207,Use Your Love (feat. Goldford),Zmeyev,https://open.spotify.com/track/58OKPDQD0TnDb0Od3dbGHa
208,Handful Of Gold - Hounded Remix,Jay-Lounge,https://open.spotify.com/track/6nHVIXSGuHzknmQOuUsnj9
209,more than love - Sofi Tukker remix,Nogymx,https://open.spotify.com/track/5I34ZsFsE9zTkdHjTnRyYA
210,Beat Of My Heart,l'Outlander,https://open.spotify.com/track/2OJdqZqdntPaA6QQgxDO7c
211,I Just Died In Your Arms Tonight,Hoogway,https://open.spotify.com/track/5bBFLCMyiw4Q4TGl4t814p
212,Moment,Downtown Owl,https://open.spotify.com/track/7oxalydBrUM3znIiTM5P9R
213,Only Way,Sátyr,https://open.spotify.com/track/4shSkWNpPgYetDVQosQugZ
214,Falling Fire,Last Memories,https://open.spotify.com/track/0yaBYaPzDqEvN0bYJzxnG8
215,We Start Fires,Screen Jazzmaster,https://open.spotify.com/track/5728OBye3peeIkv9qlps0H
216,Silverskin,RenBoz,https://open.spotify.com/track/5dPdFjWBCaIEdwzItjqNeW
217,Electric Feel (Kygo Remix),Purrple Cat,https://open.spotify.com/track/7FSU3kJPedAvx8a5Sbi62m
218,Are You Mine,Teo,https://open.spotify.com/track/55LliCM5kkioTHHFFgkVAd
219,Don't Let Go,Cosmonkey,https://open.spotify.com/track/0xPzTIrpPSn29lJp6XFo9W
220,Don't Leave Me Now,Chill Beats Music,https://open.spotify.com/track/4Vekrmrj2S8ZrUlxbVMmsR
221,Night Light,No Spirit,https://open.spotify.com/track/4vEx4TerGNnyjGR60gzXYI
222,Save Tonight,H.1,https://open.spotify.com/track/7tT00DTuukaojjAAxmrjqv
223,Fireproof - Embody Remix,Chill Beats Music,https://open.spotify.com/track/3CvG7729hBSNpP3S9epNtU
224,Grow Up,namzzo,https://open.spotify.com/track/2gzdFP67lkzpdSmLKg5R7C
225,Waffle,Chill Beats Music,https://open.spotify.com/track/2ycutnKbnAJHVKQ3cNMamQ
226,Messiah,Tibeauthetraveler,https://open.spotify.com/track/3lxbyzX36Lrkl99xkwXzm1
227,Ride,Woodville,https://open.spotify.com/track/0y8QbNzjsCMYbPxSoSU8QV
228,Illuminate,softy,https://open.spotify.com/track/6DAM6X44F0ghkVJ3LCwy0z
229,Awa Ni,Project AER,https://open.spotify.com/track/7JLotSAhXp3wGI0vOwYjzM
230,Start A Riot - Thundatraxx Remix,Loafy Building,https://open.spotify.com/track/34yGHmCajATZleHXZ6xyFn
231,Never Alone,Screen Jazzmaster,https://open.spotify.com/track/0eUyvXi1OHuJxikJau7tiw
232,Love Me (Don't Worry),l'Outlander,https://open.spotify.com/track/4u6HB2WGajSD5tqgJU1ibB
233,Baianá,vhsgus,https://open.spotify.com/track/40WiGkZKPR9kFpMIC0qSiQ
234,Ordinary Fools,Enluv,https://open.spotify.com/track/3p7XtEhSqQuRaZtTtsxsNI
235,All or Nothing - Sultan + Shepard Remix,Downtown Owl,https://open.spotify.com/track/0ZrXecbl1huEmQYAVBmTFs
236,Wrong Side of Love (with Darius Rucker),Zmeyev,https://open.spotify.com/track/5vmCNAuHKG8dxCUcUmmUvC
237,Moments,softy,https://open.spotify.com/track/5T2ogJEsiQczEzqVJ0TQjN
238,Déjà Vu,Kayou.,https://open.spotify.com/track/1fk3DPjrgmmeLX7urEDN1w
239,Seve - Radio Edit,Yestalgia,https://open.spotify.com/track/4JikzgX4HfLkurA2txYPdU
240,Heatwave (feat. Akon) - HUGEL Remix,Zmeyev,https://open.spotify.com/track/0eqh4wVjHN1pMuxh8me4kN
241,Make You Mine,Chill Beats Music,https://open.spotify.com/track/3tbjXCP1GBguGJgD6gWYf2
242,My Love,Hoffy Beats,https://open.spotify.com/track/09Ynz9gdxbHguW3qVwC6pa
243,Himalaya,TABAL,https://open.spotify.com/track/3ckuLQ4V3sm1cBP58Qh45g
244,Whatever You Like - Radio Edit,a boy with a balloon,https://open.spotify.com/track/36yvqxZxi648NAsL4C6ThM
245,Show Me Love - EDX Remix / Radio Edit,lower fidelity,https://open.spotify.com/track/6KocN4RZWrRE3IxceU9j5q
246,Skyline,Leave,https://open.spotify.com/track/7F9hBhvAremTysz2qepPUv
247,Sun Don't Shine,.Sinh,https://open.spotify.com/track/28kiHT6zsQr4XBTlh6ZM4k
248,Love That We Need,Loafy Building,https://open.spotify.com/track/5qJZI8bLB2OftRkPYkgBE2
249,Twilight,Zmeyev,https://open.spotify.com/track/4atvCeHtLVtnDQLXOZ0kMx
250,Oxas,Goson,https://open.spotify.com/track/3o4E6Xq9dUTT4imswVdIXh
251,Freak - Sam Feldt Remix Edit,RejSende,https://open.spotify.com/track/0YDPNHKTSC0agSj7BJRkLA
252,Recognise,Chill Beats Music,https://open.spotify.com/track/25MlK7s6TRAvI3JBHrwvyL
253,Journey - Radio Mix,Sátyr,https://open.spotify.com/track/2wC81TCaxUTuZMvUtado8e
254,We Turn The World Around,Downtown Owl,https://open.spotify.com/track/4WMXPm0WaIw49o8fUO3cKD
255,Home,sftspkn,https://open.spotify.com/track/7KLeEGuKXzWPyAH7xKlRqL
256,Too Good,Rnla,https://open.spotify.com/track/303XZmwNkMfh6XfWbyT9zD
257,Alive,Novvel,https://open.spotify.com/track/6rUo4x4NH8V7KnPXMdfkZj
258,Miami 82 - Kygo Remix,LostiFi,https://open.spotify.com/track/30lm0PNbPCsWJXdYBqLL5R
259,Breathin' (feat. Cara Hughes),Chill Beats Music,https://open.spotify.com/track/57pNfaL22ySEQJWcrYHux7
260,Montrose Ave,Linearwave,https://open.spotify.com/track/2Q4ANCinWR99oti6sftyVc
261,I'll Be Back,l'Outlander,https://open.spotify.com/track/602IcSITJhnIF1UYueykxE
262,Looking For Love,Rudy Raw,https://open.spotify.com/track/13QGO1Y1auRglUajXeYeOP
263,44th and 8th,softy,https://open.spotify.com/track/6HoPbLOXLboCJmTeZJSxbO
264,Tonight and Every Night,Teo,https://open.spotify.com/track/5ntvgPtBosx0PNSgZqc1rg
265,The Ocean - Radio Mix,Zmeyev,https://open.spotify.com/track/0uTA2VE1fm6ZGQyqEWTm3v
266,Baby,Chill Beats Music,https://open.spotify.com/track/3iFofgOMwY9qA33JMLT7W5
267,The Sweetest Sin,Glimlip,https://open.spotify.com/track/09FaefBumudFplu9w2Hl7w
268,Seduction,Nogymx,https://open.spotify.com/track/648lSR87i2zqGDiX5H00i6
269,Be Okay,Project AER,https://open.spotify.com/track/5XtvhUO8SfybqHtdOb4Yo3
270,The Sun - Klingande Remix Radio Edit,Downtown Owl,https://open.spotify.com/track/7oxalydBrUM3znIiTM5P9R
271,Blackbird,Last Memories,https://open.spotify.com/track/3JhTGOEP36gCdtpMgzaWGO
272,Maaya,Hoffy Beats,https://open.spotify.com/track/76P6IAfqgcPxYLhaS980si
273,Oh Baby,Hoffy Beats,https://open.spotify.com/track/5jCR7Mp4ocsWHMBYlupiH1
274,Home (feat. Nico Santos) - Marcapasos Radio Remix,Board-Man,https://open.spotify.com/track/4hQmuBZYpWQTLiiIpkJCUd
275,Better,SicknessMP,https://open.spotify.com/track/0HvytyhVaAnNA3rgVPZN1i
276,Heaven,softy,https://open.spotify.com/track/3L0Jy0nnsrrqufsta4FofW
277,On My Side,Zmeyev,https://open.spotify.com/track/2etLkI00MIuvLIyuh5FbTD
278,Ha Leh Lou Ya,Worldtraveller,https://open.spotify.com/track/4Jejaq34IYj4cTMOM7ADMw
279,Own the Night,Cosmonkey,https://open.spotify.com/track/2hvrjpzkMmICannbkh0dTn
280,Spirits - Sondr Remix,Zmeyev,https://open.spotify.com/track/1VbeCizmvewLknI2ZiIliF
281,Regulate - Le Boeuf Remix,Purrple Cat,https://open.spotify.com/track/2ml1buRZv8UvqTNb8JWi85
282,Pacing,SicknessMP,https://open.spotify.com/track/7rwsFWNQmvPk7GovBbSE9U
283,Dreams,Chill Beats Music,https://open.spotify.com/track/7cNdpzgouP88cs4sNNAqiA
284,Forever And A Day - LVNDSCAPE Remix,namzzo,https://open.spotify.com/track/1utbwttyRSdLr5tlUY1t40
285,Praise You (Chill Mix) - Extended Mix,Goson,https://open.spotify.com/track/3qS7Tgzj2C20UFfbPayzJc
286,Tired - Kygo Remix,Glimlip,https://open.spotify.com/track/6aYbVwLAaRsDNKT5jUUAWO
287,Ocean Drive,LostiFi,https://open.spotify.com/track/5az0lrIHg8WDWP547g1gNw
288,Ori Tali Ma - LVNDSCAPE Remix,Saï T,https://open.spotify.com/track/2WYiVWTXflf49CyF5Vgn93
289,Been A While,Chill Beats Music,https://open.spotify.com/track/5Z8WFdnUTsvPBE73EBuNpR
290,Coming Over - filous Remix,Bequem,https://open.spotify.com/track/3r83YJyUvkbnIsR9KT45x0
291,Running Out - Samuraii Remix,Chill Beats Music,https://open.spotify.com/track/568r84al9Dvsk1OeMA6eed
292,From Me To You - Edit,Glimlip,https://open.spotify.com/track/4aD3EK2GsDCBvvbcBOcu32
293,Dizzy,SamuW,https://open.spotify.com/track/4gb9M8C5UMG1mlYotiilNA
294,Find My Way,Simber,https://open.spotify.com/track/5AJ7rz4GruAuk3I43sAgxa
295,Right Now - Sam Feldt Radio Edit,Tibeauthetraveler,https://open.spotify.com/track/3atGqPz2Zwfmnm1e3NiIGU
296,Fall At Your Feet,Slowheal,https://open.spotify.com/track/3XtzMSNxW0vBJaCv9pSLQa
297,Chasing After You,Byjoelmichael,https://open.spotify.com/track/19nHtOt3U7llh1s4XBpZ7g
298,Never Gonna Give You Up,Hoffy Beats,https://open.spotify.com/track/7xpWUZ7pHcuAHUQqHeJKEX
299,Sunrise,Chill Beats Music,https://open.spotify.com/track/3nZKjSxHPhOah5tZqTsWh6
300,Sister Golden Hair,Twotrees,https://open.spotify.com/track/1TQWP9HwvLp516cBWqtEyx
301,Highway Star - Deep Purple,Refeeld,https://open.spotify.com/track/3aJGP2lJwgsCduog1jmGuE
302,I'm a Believer,Saï T,https://open.spotify.com/track/0FDlU2i5VMYhSNKy7WNYau
303,"Sugar, Sugar",Bequem,https://open.spotify.com/track/6QeOUYs8lkF3jIqhiuPkqc
304,You'll Be In My Heart,damaa.beats,https://open.spotify.com/track/5pRqyaTUGcdrwcvWualdHn
305,Walk on the Wild Side - Remastered,LostiFi,https://open.spotify.com/track/5az0lrIHg8WDWP547g1gNw
306,En Marcha Estoy,Shierro,https://open.spotify.com/track/1F5wcnZz4GRqWUm6dzrFnp
307,Fields Of Gold,Zmeyev,https://open.spotify.com/track/58OKPDQD0TnDb0Od3dbGHa
308,The Joker,Jay-Lounge,https://open.spotify.com/track/6nHVIXSGuHzknmQOuUsnj9
309,My Sharona,Nogymx,https://open.spotify.com/track/5I34ZsFsE9zTkdHjTnRyYA
310,Hush,l'Outlander,https://open.spotify.com/track/2OJdqZqdntPaA6QQgxDO7c
311,House of the Rising Sun,Hoogway,https://open.spotify.com/track/5bBFLCMyiw4Q4TGl4t814p
312,It's My Life,Downtown Owl,https://open.spotify.com/track/7oxalydBrUM3znIiTM5P9R
313,Animals,Sátyr,https://open.spotify.com/track/4shSkWNpPgYetDVQosQugZ
314,Sweet Home Alabama,Last Memories,https://open.spotify.com/track/0yaBYaPzDqEvN0bYJzxnG8
315,Free Bird,Screen Jazzmaster,https://open.spotify.com/track/5728OBye3peeIkv9qlps0H
316,La Grange - 1999 Remaster,RenBoz,https://open.spotify.com/track/5dPdFjWBCaIEdwzItjqNeW
317,Jessica - Unedited Version,Purrple Cat,https://open.spotify.com/track/7FSU3kJPedAvx8a5Sbi62m
318,Mary Had a Little Lamb,Teo,https://open.spotify.com/track/55LliCM5kkioTHHFFgkVAd
319,"Layla - Acoustic; Live at MTV Unplugged, Bray Film Studios, Windsor, England, UK, 1/16/1992; 1999 Remaster",Cosmonkey,https://open.spotify.com/track/0xPzTIrpPSn29lJp6XFo9W
320,Alberta,Chill Beats Music,https://open.spotify.com/track/4Vekrmrj2S8ZrUlxbVMmsR
321,I Get Around - U.K. Remaster,No Spirit,https://open.spotify.com/track/4vEx4TerGNnyjGR60gzXYI
322,Surfin' U.S.A. - 2001 Digital Remaster,H.1,https://open.spotify.com/track/7tT00DTuukaojjAAxmrjqv
323,Barbara Ann - U.K. Remaster,Chill Beats Music,https://open.spotify.com/track/3CvG7729hBSNpP3S9epNtU
324,Miss You - Dr. Dre Remix 2002,namzzo,https://open.spotify.com/track/2gzdFP67lkzpdSmLKg5R7C
325,Groove Me,Chill Beats Music,https://open.spotify.com/track/2ycutnKbnAJHVKQ3cNMamQ
326,Shining Star,Tibeauthetraveler,https://open.spotify.com/track/3lxbyzX36Lrkl99xkwXzm1
327,Naive,Woodville,https://open.spotify.com/track/0y8QbNzjsCMYbPxSoSU8QV
328,Move On,softy,https://open.spotify.com/track/6DAM6X44F0ghkVJ3LCwy0z
329,Streets Of Love - Remastered,Project AER,https://open.spotify.com/track/7JLotSAhXp3wGI0vOwYjzM
330,Summer Of '69,Loafy Building,https://open.spotify.com/track/34yGHmCajATZleHXZ6xyFn
331,Save Tonight,Screen Jazzmaster,https://open.spotify.com/track/0eUyvXi1OHuJxikJau7tiw
332,Acoustic #3 - Album Version-What I Learned About Ego...,l'Outlander,https://open.spotify.com/track/4u6HB2WGajSD5tqgJU1ibB
333,Sunrise,vhsgus,https://open.spotify.com/track/40WiGkZKPR9kFpMIC0qSiQ
334,Maria,Enluv,https://open.spotify.com/track/3p7XtEhSqQuRaZtTtsxsNI
335,Disko Partizani,Downtown Owl,https://open.spotify.com/track/0ZrXecbl1huEmQYAVBmTFs
336,Rockstar,Zmeyev,https://open.spotify.com/track/5vmCNAuHKG8dxCUcUmmUvC
337,Photograph,softy,https://open.spotify.com/track/5T2ogJEsiQczEzqVJ0TQjN
338,There Goes Another Love Song,Kayou.,https://open.spotify.com/track/1fk3DPjrgmmeLX7urEDN1w
339,Green Grass & High Tides - Remastered,Yestalgia,https://open.spotify.com/track/4JikzgX4HfLkurA2txYPdU
340,Where Is The Love?,Zmeyev,https://open.spotify.com/track/0eqh4wVjHN1pMuxh8me4kN
341,Lucky Man,Chill Beats Music,https://open.spotify.com/track/3tbjXCP1GBguGJgD6gWYf2
342,I'm Gonna Be (500 Miles),Hoffy Beats,https://open.spotify.com/track/09Ynz9gdxbHguW3qVwC6pa
343,The Spirit Of Radio,TABAL,https://open.spotify.com/track/3ckuLQ4V3sm1cBP58Qh45g
344,This Is The Life,a boy with a balloon,https://open.spotify.com/track/36yvqxZxi648NAsL4C6ThM
345,On The Road Again - Remastered,lower fidelity,https://open.spotify.com/track/6KocN4RZWrRE3IxceU9j5q
346,Personal Jesus,Leave,https://open.spotify.com/track/7F9hBhvAremTysz2qepPUv
347,I Walk The Line - Single Version,.Sinh,https://open.spotify.com/track/28kiHT6zsQr4XBTlh6ZM4k
348,The Sound of Silence,Loafy Building,https://open.spotify.com/track/5qJZI8bLB2OftRkPYkgBE2
349,You're the One that I Want,Zmeyev,https://open.spotify.com/track/4atvCeHtLVtnDQLXOZ0kMx
350,Red Rooster,Goson,https://open.spotify.com/track/3o4E6Xq9dUTT4imswVdIXh
351,Rehab,RejSende,https://open.spotify.com/track/0YDPNHKTSC0agSj7BJRkLA
352,It's Not Unusual,Chill Beats Music,https://open.spotify.com/track/25MlK7s6TRAvI3JBHrwvyL
353,Cry Of The Celts - Single Edit With Taps,Sátyr,https://open.spotify.com/track/2wC81TCaxUTuZMvUtado8e
354,Hallelujah,Downtown Owl,https://open.spotify.com/track/4WMXPm0WaIw49o8fUO3cKD
355,Under Pressure,sftspkn,https://open.spotify.com/track/7KLeEGuKXzWPyAH7xKlRqL
356,These Boots Are Made for Walking,Rnla,https://open.spotify.com/track/303XZmwNkMfh6XfWbyT9zD
357,Moonlight Shadow,Novvel,https://open.spotify.com/track/6rUo4x4NH8V7KnPXMdfkZj
358,I Say A Little Prayer,LostiFi,https://open.spotify.com/track/30lm0PNbPCsWJXdYBqLL5R
359,Carry on Wayward Son,Chill Beats Music,https://open.spotify.com/track/57pNfaL22ySEQJWcrYHux7
360,Dust In the Wind,Linearwave,https://open.spotify.com/track/2Q4ANCinWR99oti6sftyVc
361,Take It Off,l'Outlander,https://open.spotify.com/track/602IcSITJhnIF1UYueykxE
362,Build Me up Buttercup (Re-Recorded),Rudy Raw,https://open.spotify.com/track/13QGO1Y1auRglUajXeYeOP
363,Monster,softy,https://open.spotify.com/track/6HoPbLOXLboCJmTeZJSxbO
364,"La Bamba - Recorded at Gold Star- The B-side of ""Donna""",Teo,https://open.spotify.com/track/5ntvgPtBosx0PNSgZqc1rg
365,Proud Mary,Zmeyev,https://open.spotify.com/track/0uTA2VE1fm6ZGQyqEWTm3v
366,Stand By Me - Live,Chill Beats Music,https://open.spotify.com/track/3iFofgOMwY9qA33JMLT7W5
367,Ring Of Fire,Glimlip,https://open.spotify.com/track/09FaefBumudFplu9w2Hl7w
368,A Boy Named Sue,Nogymx,https://open.spotify.com/track/648lSR87i2zqGDiX5H00i6
369,I've Been Everywhere,Project AER,https://open.spotify.com/track/5XtvhUO8SfybqHtdOb4Yo3
370,I Got Stripes,Downtown Owl,https://open.spotify.com/track/7oxalydBrUM3znIiTM5P9R
371,It Ain't Me Babe,Last Memories,https://open.spotify.com/track/3JhTGOEP36gCdtpMgzaWGO
372,Clint Eastwood,Hoffy Beats,https://open.spotify.com/track/76P6IAfqgcPxYLhaS980si
373,Five Feet High and Rising,Hoffy Beats,https://open.spotify.com/track/5jCR7Mp4ocsWHMBYlupiH1
374,Long Cool Woman (In a Black Dress) - 2003 Remaster,Board-Man,https://open.spotify.com/track/4hQmuBZYpWQTLiiIpkJCUd
375,The eye of the tiger - version éditée,SicknessMP,https://open.spotify.com/track/0HvytyhVaAnNA3rgVPZN1i
376,Jailhouse Rock,softy,https://open.spotify.com/track/3L0Jy0nnsrrqufsta4FofW
377,Brown Eyed Girl,Zmeyev,https://open.spotify.com/track/2etLkI00MIuvLIyuh5FbTD
378,Under Pressure,Worldtraveller,https://open.spotify.com/track/4Jejaq34IYj4cTMOM7ADMw
379,Wild Wild West (feat. Dru Hill & Kool Mo Dee) - Album Version With Intro,Cosmonkey,https://open.spotify.com/track/2hvrjpzkMmICannbkh0dTn
380,Riverside - Radio Mix,Zmeyev,https://open.spotify.com/track/1VbeCizmvewLknI2ZiIliF
381,Oreka,Purrple Cat,https://open.spotify.com/track/2ml1buRZv8UvqTNb8JWi85
382,The River,SicknessMP,https://open.spotify.com/track/7rwsFWNQmvPk7GovBbSE9U
383,9 To 5,Chill Beats Music,https://open.spotify.com/track/7cNdpzgouP88cs4sNNAqiA
384,It's A Man's Man's Man's World,namzzo,https://open.spotify.com/track/1utbwttyRSdLr5tlUY1t40
385,I Got You (I Feel Good),Goson,https://open.spotify.com/track/3qS7Tgzj2C20UFfbPayzJc
386,Forever Young,Glimlip,https://open.spotify.com/track/6aYbVwLAaRsDNKT5jUUAWO
387,The Locomotion,LostiFi,https://open.spotify.com/track/5az0lrIHg8WDWP547g1gNw
388,Hawaii Five-O,Saï T,https://open.spotify.com/track/2WYiVWTXflf49CyF5Vgn93
389,You Can Leave Your Hat On,Chill Beats Music,https://open.spotify.com/track/5Z8WFdnUTsvPBE73EBuNpR
390,Gitano,Bequem,https://open.spotify.com/track/3r83YJyUvkbnIsR9KT45x0
391,Tunnel Of Love - Intro/The Carousel Waltz,Chill Beats Music,https://open.spotify.com/track/568r84al9Dvsk1OeMA6eed
392,Romeo And Juliet,Glimlip,https://open.spotify.com/track/4aD3EK2GsDCBvvbcBOcu32
393,Bang Bang (2006 Digital Remaster) (Feat. Billy Strange),SamuW,https://open.spotify.com/track/4gb9M8C5UMG1mlYotiilNA
394,Black Or White,Simber,https://open.spotify.com/track/5AJ7rz4GruAuk3I43sAgxa
395,Fever,Tibeauthetraveler,https://open.spotify.com/track/3atGqPz2Zwfmnm1e3NiIGU
396,The Lion Sleeps Tonight (Wimoweh),Slowheal,https://open.spotify.com/track/3XtzMSNxW0vBJaCv9pSLQa
397,Rough God Goes Riding - 2007 Re-mastered,Byjoelmichael,https://open.spotify.com/track/19nHtOt3U7llh1s4XBpZ7g
398,Shake A Tail Feather,Hoffy Beats,https://open.spotify.com/track/7xpWUZ7pHcuAHUQqHeJKEX
399,One,Chill Beats Music,https://open.spotify.com/track/3nZKjSxHPhOah5tZqTsWh6
400,Cadillac solitario,Twotrees,https://open.spotify.com/track/1TQWP9HwvLp516cBWqtEyx
401,Insurreccion (En Directo),Refeeld,https://open.spotify.com/track/3aJGP2lJwgsCduog1jmGuE
402,Eso Que Tú Me Das,Saï T,https://open.spotify.com/track/0FDlU2i5VMYhSNKy7WNYau
403,Si te vas...,Bequem,https://open.spotify.com/track/6QeOUYs8lkF3jIqhiuPkqc
404,Corazon de Tango,damaa.beats,https://open.spotify.com/track/5pRqyaTUGcdrwcvWualdHn
405,Soldadito marinero,LostiFi,https://open.spotify.com/track/5az0lrIHg8WDWP547g1gNw
406,20 de abril - En directo 1997,Shierro,https://open.spotify.com/track/1F5wcnZz4GRqWUm6dzrFnp
407,Como un burro amarrado en la puerta del baile - 2008 Remastered Version,Zmeyev,https://open.spotify.com/track/58OKPDQD0TnDb0Od3dbGHa
408,Carolina - En directo 2000,Jay-Lounge,https://open.spotify.com/track/6nHVIXSGuHzknmQOuUsnj9
409,No Puedo Vivir Sin Ti,Nogymx,https://open.spotify.com/track/5I34ZsFsE9zTkdHjTnRyYA
410,Pajaros de Barro,l'Outlander,https://open.spotify.com/track/2OJdqZqdntPaA6QQgxDO7c
411,Por la boca vive el pez,Hoogway,https://open.spotify.com/track/5bBFLCMyiw4Q4TGl4t814p
412,Rojitas,Downtown Owl,https://open.spotify.com/track/7oxalydBrUM3znIiTM5P9R
413,Mucho mejor (feat. Coque Malla),Sátyr,https://open.spotify.com/track/4shSkWNpPgYetDVQosQugZ
414,Miedo,Last Memories,https://open.spotify.com/track/0yaBYaPzDqEvN0bYJzxnG8
415,La flaca,Screen Jazzmaster,https://open.spotify.com/track/5728OBye3peeIkv9qlps0H
416,Aquellas Cosas Que Solíamos Hacer,RenBoz,https://open.spotify.com/track/5dPdFjWBCaIEdwzItjqNeW
417,Me Quedo Contigo (Si Me Das A Elegir) - Live Baïonarena,Purrple Cat,https://open.spotify.com/track/7FSU3kJPedAvx8a5Sbi62m
418,La vereda de la puerta de atrás,Teo,https://open.spotify.com/track/55LliCM5kkioTHHFFgkVAd
419,Feo Fuerte y Formal,Cosmonkey,https://open.spotify.com/track/0xPzTIrpPSn29lJp6XFo9W
420,Flaca,Chill Beats Music,https://open.spotify.com/track/4Vekrmrj2S8ZrUlxbVMmsR
421,Insurrección (con Manolo García),No Spirit,https://open.spotify.com/track/4vEx4TerGNnyjGR60gzXYI
422,Me equivocaría otra vez,H.1,https://open.spotify.com/track/7tT00DTuukaojjAAxmrjqv
423,El roce de tu cuerpo,Chill Beats Music,https://open.spotify.com/track/3CvG7729hBSNpP3S9epNtU
424,Dolores Se Llamaba Lola - Remastered,namzzo,https://open.spotify.com/track/2gzdFP67lkzpdSmLKg5R7C
425,El ritmo del garaje,Chill Beats Music,https://open.spotify.com/track/2ycutnKbnAJHVKQ3cNMamQ
426,La luna me sabe a poco,Tibeauthetraveler,https://open.spotify.com/track/3lxbyzX36Lrkl99xkwXzm1
427,A San Fernando un Ratito a Pie y Otro Caminando,Woodville,https://open.spotify.com/track/0y8QbNzjsCMYbPxSoSU8QV
428,Salir,softy,https://open.spotify.com/track/6DAM6X44F0ghkVJ3LCwy0z
429,Verano del 95,Project AER,https://open.spotify.com/track/7JLotSAhXp3wGI0vOwYjzM
430,El lado oscuro,Loafy Building,https://open.spotify.com/track/34yGHmCajATZleHXZ6xyFn
431,Whisky barato,Screen Jazzmaster,https://open.spotify.com/track/0eUyvXi1OHuJxikJau7tiw
432,Rock and Roll Star - Remaster 2017,l'Outlander,https://open.spotify.com/track/4u6HB2WGajSD5tqgJU1ibB
433,Necesito Respirar,vhsgus,https://open.spotify.com/track/40WiGkZKPR9kFpMIC0qSiQ
434,So payaso,Enluv,https://open.spotify.com/track/3p7XtEhSqQuRaZtTtsxsNI
435,Por verte sonreír,Downtown Owl,https://open.spotify.com/track/0ZrXecbl1huEmQYAVBmTFs
436,La casa por el tejado,Zmeyev,https://open.spotify.com/track/5vmCNAuHKG8dxCUcUmmUvC
437,Agradecido,softy,https://open.spotify.com/track/5T2ogJEsiQczEzqVJ0TQjN
438,Y volar (con los Caligaris),Kayou.,https://open.spotify.com/track/1fk3DPjrgmmeLX7urEDN1w
439,Dulce introducción al caos,Yestalgia,https://open.spotify.com/track/4JikzgX4HfLkurA2txYPdU
440,Rey del Glam,Zmeyev,https://open.spotify.com/track/0eqh4wVjHN1pMuxh8me4kN
441,Mundo imperfecto,Chill Beats Music,https://open.spotify.com/track/3tbjXCP1GBguGJgD6gWYf2
442,Cuando Brille el Sol,Hoffy Beats,https://open.spotify.com/track/09Ynz9gdxbHguW3qVwC6pa
443,Buscando en la basura,TABAL,https://open.spotify.com/track/3ckuLQ4V3sm1cBP58Qh45g
444,Pongamos que hablo de Madrid,a boy with a balloon,https://open.spotify.com/track/36yvqxZxi648NAsL4C6ThM
445,Ruido,lower fidelity,https://open.spotify.com/track/6KocN4RZWrRE3IxceU9j5q
446,Cruzando el paraíso,Leave,https://open.spotify.com/track/7F9hBhvAremTysz2qepPUv
447,Mi Pequeño Chernóbil,.Sinh,https://open.spotify.com/track/28kiHT6zsQr4XBTlh6ZM4k
448,Pacto Entre Caballeros,Loafy Building,https://open.spotify.com/track/5qJZI8bLB2OftRkPYkgBE2
449,Pienso en Aquella Tarde,Zmeyev,https://open.spotify.com/track/4atvCeHtLVtnDQLXOZ0kMx
450,Noviembre,Goson,https://open.spotify.com/track/3o4E6Xq9dUTT4imswVdIXh
451,En Blanco Y Negro,RejSende,https://open.spotify.com/track/0YDPNHKTSC0agSj7BJRkLA
452,La Ultima Carta,Chill Beats Music,https://open.spotify.com/track/25MlK7s6TRAvI3JBHrwvyL
453,Corazon de mimbre,Sátyr,https://open.spotify.com/track/2wC81TCaxUTuZMvUtado8e
454,"¿Dónde estás? (feat. Bunbury, Andrés Calamaro y Loquillo)",Downtown Owl,https://open.spotify.com/track/4WMXPm0WaIw49o8fUO3cKD
455,La Estación Eterna,sftspkn,https://open.spotify.com/track/7KLeEGuKXzWPyAH7xKlRqL
456,La quiero a morir - Versión de Francis Cabrel,Rnla,https://open.spotify.com/track/303XZmwNkMfh6XfWbyT9zD
457,Concierto salvaje,Novvel,https://open.spotify.com/track/6rUo4x4NH8V7KnPXMdfkZj
458,Aviones Plateados - En Directo,LostiFi,https://open.spotify.com/track/30lm0PNbPCsWJXdYBqLL5R
459,"Maneras de vivir - Rosendo, Barricada y Aurora Beltrán directo 2008",Chill Beats Music,https://open.spotify.com/track/57pNfaL22ySEQJWcrYHux7
460,Dulce condena,Linearwave,https://open.spotify.com/track/2Q4ANCinWR99oti6sftyVc
461,Todo Tiene Su Fin,l'Outlander,https://open.spotify.com/track/602IcSITJhnIF1UYueykxE
462,Como Si Fueras a Morir Mañana - Madrid Nuclear - En Directo,Rudy Raw,https://open.spotify.com/track/13QGO1Y1auRglUajXeYeOP
463,Mi accidente preferido (con Juancho Sidecars y Sidecars),softy,https://open.spotify.com/track/6HoPbLOXLboCJmTeZJSxbO
464,Una noche de amor desesperada,Teo,https://open.spotify.com/track/5ntvgPtBosx0PNSgZqc1rg
465,Que Hace una Chica Como Tu en un Sitio Como Este,Zmeyev,https://open.spotify.com/track/0uTA2VE1fm6ZGQyqEWTm3v
466,Agua,Chill Beats Music,https://open.spotify.com/track/3iFofgOMwY9qA33JMLT7W5
467,Sonríe,Glimlip,https://open.spotify.com/track/09FaefBumudFplu9w2Hl7w
468,La Forma De Mirar,Nogymx,https://open.spotify.com/track/648lSR87i2zqGDiX5H00i6
469,Stand By,Project AER,https://open.spotify.com/track/5XtvhUO8SfybqHtdOb4Yo3
470,Born On The Bayou,Twotrees,https://open.spotify.com/track/1TQWP9HwvLp516cBWqtEyx
471,Angel Of Death,Refeeld,https://open.spotify.com/track/3aJGP2lJwgsCduog1jmGuE
472,Bodies,Saï T,https://open.spotify.com/track/0FDlU2i5VMYhSNKy7WNYau
473,Strutter,Bequem,https://open.spotify.com/track/6QeOUYs8lkF3jIqhiuPkqc
474,Beds Are Burning - Remastered,damaa.beats,https://open.spotify.com/track/5pRqyaTUGcdrwcvWualdHn
475,Fake It,LostiFi,https://open.spotify.com/track/5az0lrIHg8WDWP547g1gNw
476,Plush,Shierro,https://open.spotify.com/track/1F5wcnZz4GRqWUm6dzrFnp
477,Bitter Sweet Symphony,Zmeyev,https://open.spotify.com/track/58OKPDQD0TnDb0Od3dbGHa
478,Wonderwall - Remastered,Jay-Lounge,https://open.spotify.com/track/6nHVIXSGuHzknmQOuUsnj9
479,Bring Tha Noize,Nogymx,https://open.spotify.com/track/5I34ZsFsE9zTkdHjTnRyYA
480,"Another Brick in the Wall, Pt. 1, 2, 3",l'Outlander,https://open.spotify.com/track/2OJdqZqdntPaA6QQgxDO7c
481,Last Resort,Hoogway,https://open.spotify.com/track/5bBFLCMyiw4Q4TGl4t814p
482,Bring Me To Life,Downtown Owl,https://open.spotify.com/track/7oxalydBrUM3znIiTM5P9R
483,Going Under,Sátyr,https://open.spotify.com/track/4shSkWNpPgYetDVQosQugZ
484,Sad But True,Last Memories,https://open.spotify.com/track/0yaBYaPzDqEvN0bYJzxnG8
485,Whiskey In The Jar,Screen Jazzmaster,https://open.spotify.com/track/5728OBye3peeIkv9qlps0H
486,Take A Look Around,RenBoz,https://open.spotify.com/track/5dPdFjWBCaIEdwzItjqNeW
487,My Generation,Purrple Cat,https://open.spotify.com/track/7FSU3kJPedAvx8a5Sbi62m
488,Roadhouse Blues,Teo,https://open.spotify.com/track/55LliCM5kkioTHHFFgkVAd
489,Carry on Wayward Son,Cosmonkey,https://open.spotify.com/track/0xPzTIrpPSn29lJp6XFo9W
490,Paradise City,Chill Beats Music,https://open.spotify.com/track/4Vekrmrj2S8ZrUlxbVMmsR
491,"Paint It, Black",No Spirit,https://open.spotify.com/track/4vEx4TerGNnyjGR60gzXYI
492,The Man Who Sold The World,H.1,https://open.spotify.com/track/7tT00DTuukaojjAAxmrjqv
493,The Day That Never Comes,Chill Beats Music,https://open.spotify.com/track/3CvG7729hBSNpP3S9epNtU
494,Ride The Lightning,namzzo,https://open.spotify.com/track/2gzdFP67lkzpdSmLKg5R7C
495,Fade To Black,Chill Beats Music,https://open.spotify.com/track/2ycutnKbnAJHVKQ3cNMamQ
496,For Whom The Bell Tolls,Tibeauthetraveler,https://open.spotify.com/track/3lxbyzX36Lrkl99xkwXzm1
497,Master Of Puppets,Woodville,https://open.spotify.com/track/0y8QbNzjsCMYbPxSoSU8QV
498,Jump,softy,https://open.spotify.com/track/6DAM6X44F0ghkVJ3LCwy0z
499,Runnin' with the Devil,Project AER,https://open.spotify.com/track/7JLotSAhXp3wGI0vOwYjzM
500,Hotel California - 2013 Remaster,Loafy Building,https://open.spotify.com/track/34yGHmCajATZleHXZ6xyFn
501,Crazy Train - 2002 Version,Screen Jazzmaster,https://open.spotify.com/track/0eUyvXi1OHuJxikJau7tiw
502,Detroit Rock City,l'Outlander,https://open.spotify.com/track/4u6HB2WGajSD5tqgJU1ibB
503,I Was Made For Lovin' You,vhsgus,https://open.spotify.com/track/40WiGkZKPR9kFpMIC0qSiQ
504,Fear of the Dark,Enluv,https://open.spotify.com/track/3p7XtEhSqQuRaZtTtsxsNI
505,Dream On,Downtown Owl,https://open.spotify.com/track/0ZrXecbl1huEmQYAVBmTFs
506,"I Don't Want to Miss a Thing - From ""Armageddon"" Soundtrack",Zmeyev,https://open.spotify.com/track/5vmCNAuHKG8dxCUcUmmUvC
507,What's Up?,softy,https://open.spotify.com/track/5T2ogJEsiQczEzqVJ0TQjN
508,Under Pressure - Remastered 2011,Kayou.,https://open.spotify.com/track/1fk3DPjrgmmeLX7urEDN1w
509,Bohemian Rhapsody - Remastered 2011,Yestalgia,https://open.spotify.com/track/4JikzgX4HfLkurA2txYPdU
510,Another One Bites The Dust - Remastered 2011,Zmeyev,https://open.spotify.com/track/0eqh4wVjHN1pMuxh8me4kN
511,War Pigs / Luke's Wall - 2012 - Remaster,Chill Beats Music,https://open.spotify.com/track/3tbjXCP1GBguGJgD6gWYf2
512,Paranoid - 2012 - Remaster,Hoffy Beats,https://open.spotify.com/track/09Ynz9gdxbHguW3qVwC6pa
513,Foxey Lady,TABAL,https://open.spotify.com/track/3ckuLQ4V3sm1cBP58Qh45g
514,More Than a Feeling,a boy with a balloon,https://open.spotify.com/track/36yvqxZxi648NAsL4C6ThM
515,Hold the Line,lower fidelity,https://open.spotify.com/track/6KocN4RZWrRE3IxceU9j5q
516,Hard to Say I'm Sorry / Get Away - 2009 Remaster,Leave,https://open.spotify.com/track/7F9hBhvAremTysz2qepPUv
517,House of The Rising Sun,.Sinh,https://open.spotify.com/track/28kiHT6zsQr4XBTlh6ZM4k
518,Jekyll and Hyde,Loafy Building,https://open.spotify.com/track/5qJZI8bLB2OftRkPYkgBE2
519,Seven Nation Army,Zmeyev,https://open.spotify.com/track/4atvCeHtLVtnDQLXOZ0kMx
520,Rock You Like a Hurricane,Goson,https://open.spotify.com/track/3o4E6Xq9dUTT4imswVdIXh
521,Walkin' On The Sun,RejSende,https://open.spotify.com/track/0YDPNHKTSC0agSj7BJRkLA
522,Dr. Feelgood,Chill Beats Music,https://open.spotify.com/track/25MlK7s6TRAvI3JBHrwvyL
523,It's Been Awhile,Sátyr,https://open.spotify.com/track/2wC81TCaxUTuZMvUtado8e
524,Nookie - GH version,Downtown Owl,https://open.spotify.com/track/4WMXPm0WaIw49o8fUO3cKD
525,I Wanna Rock,sftspkn,https://open.spotify.com/track/7KLeEGuKXzWPyAH7xKlRqL
526,I Wanna Be Sedated - 2002 Remaster,Rnla,https://open.spotify.com/track/303XZmwNkMfh6XfWbyT9zD
527,Y'all Want a Single,Novvel,https://open.spotify.com/track/6rUo4x4NH8V7KnPXMdfkZj
528,Like a Stone,LostiFi,https://open.spotify.com/track/30lm0PNbPCsWJXdYBqLL5R
529,B.Y.O.B.,Chill Beats Music,https://open.spotify.com/track/57pNfaL22ySEQJWcrYHux7
530,My Hero,Linearwave,https://open.spotify.com/track/2Q4ANCinWR99oti6sftyVc
531,Two Princes,l'Outlander,https://open.spotify.com/track/602IcSITJhnIF1UYueykxE
532,Drive,Rudy Raw,https://open.spotify.com/track/13QGO1Y1auRglUajXeYeOP
533,Smooth (feat. Rob Thomas),softy,https://open.spotify.com/track/6HoPbLOXLboCJmTeZJSxbO
534,Last Kiss,Teo,https://open.spotify.com/track/5ntvgPtBosx0PNSgZqc1rg
535,Butterfly,Zmeyev,https://open.spotify.com/track/0uTA2VE1fm6ZGQyqEWTm3v
536,The Distance,Chill Beats Music,https://open.spotify.com/track/3iFofgOMwY9qA33JMLT7W5
537,Lovefool,Glimlip,https://open.spotify.com/track/09FaefBumudFplu9w2Hl7w
538,Basket Case,Nogymx,https://open.spotify.com/track/648lSR87i2zqGDiX5H00i6
539,All Star,Project AER,https://open.spotify.com/track/5XtvhUO8SfybqHtdOb4Yo3
540,Like a Stone,Downtown Owl,https://open.spotify.com/track/7oxalydBrUM3znIiTM5P9R
541,Drive,Last Memories,https://open.spotify.com/track/3JhTGOEP36gCdtpMgzaWGO
542,Would?,Hoffy Beats,https://open.spotify.com/track/76P6IAfqgcPxYLhaS980si
543,Freak On a Leash,Hoffy Beats,https://open.spotify.com/track/5jCR7Mp4ocsWHMBYlupiH1
544,Bulls On Parade,Board-Man,https://open.spotify.com/track/4hQmuBZYpWQTLiiIpkJCUd
545,Got the Life,SicknessMP,https://open.spotify.com/track/0HvytyhVaAnNA3rgVPZN1i
546,Seasons,softy,https://open.spotify.com/track/3L0Jy0nnsrrqufsta4FofW
547,Chop Suey!,Zmeyev,https://open.spotify.com/track/2etLkI00MIuvLIyuh5FbTD
548,Boiler,Worldtraveller,https://open.spotify.com/track/4Jejaq34IYj4cTMOM7ADMw
549,Cowboys from Hell,Cosmonkey,https://open.spotify.com/track/2hvrjpzkMmICannbkh0dTn
550,Cemetery Gates,Zmeyev,https://open.spotify.com/track/1VbeCizmvewLknI2ZiIliF
551,Becoming - 2014 Remaster,Purrple Cat,https://open.spotify.com/track/2ml1buRZv8UvqTNb8JWi85
552,Strength Beyond Strength - 2014 Remaster,SicknessMP,https://open.spotify.com/track/7rwsFWNQmvPk7GovBbSE9U
553,5 Minutes Alone - 2014 Remaster,Chill Beats Music,https://open.spotify.com/track/7cNdpzgouP88cs4sNNAqiA
554,In the End,namzzo,https://open.spotify.com/track/1utbwttyRSdLr5tlUY1t40
555,Numb,Goson,https://open.spotify.com/track/3qS7Tgzj2C20UFfbPayzJc
556,Numb / Encore,Glimlip,https://open.spotify.com/track/6aYbVwLAaRsDNKT5jUUAWO
557,Fortunate Son,LostiFi,https://open.spotify.com/track/5az0lrIHg8WDWP547g1gNw
558,Paranoid,Saï T,https://open.spotify.com/track/2WYiVWTXflf49CyF5Vgn93
559,Smoke on the Water,Chill Beats Music,https://open.spotify.com/track/5Z8WFdnUTsvPBE73EBuNpR
560,Welcome To The Jungle,Bequem,https://open.spotify.com/track/3r83YJyUvkbnIsR9KT45x0
561,Carry On Wayward Son,Chill Beats Music,https://open.spotify.com/track/568r84al9Dvsk1OeMA6eed
562,"Girls, Girls, Girls",Glimlip,https://open.spotify.com/track/4aD3EK2GsDCBvvbcBOcu32
563,Princes Of The Universe,SamuW,https://open.spotify.com/track/4gb9M8C5UMG1mlYotiilNA
564,Eye of the Tiger,Simber,https://open.spotify.com/track/5AJ7rz4GruAuk3I43sAgxa
565,Message In A Bottle - Remastered 2003,Tibeauthetraveler,https://open.spotify.com/track/3atGqPz2Zwfmnm1e3NiIGU
566,Paint It Black - Stereo Version,Slowheal,https://open.spotify.com/track/3XtzMSNxW0vBJaCv9pSLQa
567,The Final Countdown,Byjoelmichael,https://open.spotify.com/track/19nHtOt3U7llh1s4XBpZ7g
568,You Really Got Me,Hoffy Beats,https://open.spotify.com/track/7xpWUZ7pHcuAHUQqHeJKEX
569,Darkness Of Chirst,Chill Beats Music,https://open.spotify.com/track/3nZKjSxHPhOah5tZqTsWh6
570,Space and the Woods - Cenzo Townshend Mix,Twotrees,https://open.spotify.com/track/1TQWP9HwvLp516cBWqtEyx
571,Zero,Refeeld,https://open.spotify.com/track/3aJGP2lJwgsCduog1jmGuE
572,Deceptacon,Saï T,https://open.spotify.com/track/0FDlU2i5VMYhSNKy7WNYau
573,A-Punk,Bequem,https://open.spotify.com/track/6QeOUYs8lkF3jIqhiuPkqc
574,Nothing Ever Happened,damaa.beats,https://open.spotify.com/track/5pRqyaTUGcdrwcvWualdHn
575,I'm Not Gonna Teach Your Boyfriend How To Dance With You,LostiFi,https://open.spotify.com/track/5az0lrIHg8WDWP547g1gNw
576,Ready For The Floor,Shierro,https://open.spotify.com/track/1F5wcnZz4GRqWUm6dzrFnp
577,Lights & Music,Zmeyev,https://open.spotify.com/track/58OKPDQD0TnDb0Od3dbGHa
578,Mr. Understanding,Jay-Lounge,https://open.spotify.com/track/6nHVIXSGuHzknmQOuUsnj9
579,The Geeks Were Right,Nogymx,https://open.spotify.com/track/5I34ZsFsE9zTkdHjTnRyYA
580,One Week of Danger,l'Outlander,https://open.spotify.com/track/2OJdqZqdntPaA6QQgxDO7c
581,Flux,Hoogway,https://open.spotify.com/track/5bBFLCMyiw4Q4TGl4t814p
582,I Wanna Be a Style Crusader (DatA Remix),Downtown Owl,https://open.spotify.com/track/7oxalydBrUM3znIiTM5P9R
583,Crystalised,Sátyr,https://open.spotify.com/track/4shSkWNpPgYetDVQosQugZ
584,Satellite Mind,Last Memories,https://open.spotify.com/track/0yaBYaPzDqEvN0bYJzxnG8
585,23,Screen Jazzmaster,https://open.spotify.com/track/5728OBye3peeIkv9qlps0H
586,Dreamhunt,RenBoz,https://open.spotify.com/track/5dPdFjWBCaIEdwzItjqNeW
587,Cigarette Machine (Club Mix),Purrple Cat,https://open.spotify.com/track/7FSU3kJPedAvx8a5Sbi62m
588,Dust On The Ground,Teo,https://open.spotify.com/track/55LliCM5kkioTHHFFgkVAd
589,Lazy Eye,Cosmonkey,https://open.spotify.com/track/0xPzTIrpPSn29lJp6XFo9W
590,Help I'm Alive - Album Edit,Chill Beats Music,https://open.spotify.com/track/4Vekrmrj2S8ZrUlxbVMmsR
591,Happy Up Here,No Spirit,https://open.spotify.com/track/4vEx4TerGNnyjGR60gzXYI
592,We Are Rockstars,H.1,https://open.spotify.com/track/7tT00DTuukaojjAAxmrjqv
593,Xtatic Truth (Xtra Loud Mix),Chill Beats Music,https://open.spotify.com/track/3CvG7729hBSNpP3S9epNtU
594,Electro Karaoke,namzzo,https://open.spotify.com/track/2gzdFP67lkzpdSmLKg5R7C
595,Elvis,Chill Beats Music,https://open.spotify.com/track/2ycutnKbnAJHVKQ3cNMamQ
596,Street Justice - Street Justice MSTRKRFT Remix,Tibeauthetraveler,https://open.spotify.com/track/3lxbyzX36Lrkl99xkwXzm1
597,Testarossa (SebAstian Remix),Woodville,https://open.spotify.com/track/0y8QbNzjsCMYbPxSoSU8QV
598,Paris,softy,https://open.spotify.com/track/6DAM6X44F0ghkVJ3LCwy0z
599,Homecoming,Project AER,https://open.spotify.com/track/7JLotSAhXp3wGI0vOwYjzM
600,Professional Suicide,Loafy Building,https://open.spotify.com/track/34yGHmCajATZleHXZ6xyFn
601,Let's Dance to Joy Division,Screen Jazzmaster,https://open.spotify.com/track/0eUyvXi1OHuJxikJau7tiw
602,Stuck in my head,l'Outlander,https://open.spotify.com/track/4u6HB2WGajSD5tqgJU1ibB
603,Touring In NY (Short Tour Edit),vhsgus,https://open.spotify.com/track/40WiGkZKPR9kFpMIC0qSiQ
604,Here On My Own,Enluv,https://open.spotify.com/track/3p7XtEhSqQuRaZtTtsxsNI
605,With Every Heartbeat - with Kleerup - Radio Edit,Downtown Owl,https://open.spotify.com/track/0ZrXecbl1huEmQYAVBmTFs
606,I Believe,Zmeyev,https://open.spotify.com/track/5vmCNAuHKG8dxCUcUmmUvC
607,Favourite Things,softy,https://open.spotify.com/track/5T2ogJEsiQczEzqVJ0TQjN
608,Saturday,Kayou.,https://open.spotify.com/track/1fk3DPjrgmmeLX7urEDN1w
609,Tu es à l'Ouest,Yestalgia,https://open.spotify.com/track/4JikzgX4HfLkurA2txYPdU
610,Let´s Buy Happiness,Zmeyev,https://open.spotify.com/track/0eqh4wVjHN1pMuxh8me4kN
611,The Last Time - Arthur Baker Remix,Chill Beats Music,https://open.spotify.com/track/3tbjXCP1GBguGJgD6gWYf2
612,Lay Down the Law,Hoffy Beats,https://open.spotify.com/track/09Ynz9gdxbHguW3qVwC6pa
613,Time After Time,TABAL,https://open.spotify.com/track/3ckuLQ4V3sm1cBP58Qh45g
614,Wolf Like Me,a boy with a balloon,https://open.spotify.com/track/36yvqxZxi648NAsL4C6ThM
615,Some Velvet Morning,lower fidelity,https://open.spotify.com/track/6KocN4RZWrRE3IxceU9j5q
616,Those Dancing Days,Leave,https://open.spotify.com/track/7F9hBhvAremTysz2qepPUv
617,Monster,.Sinh,https://open.spotify.com/track/28kiHT6zsQr4XBTlh6ZM4k
618,Out There On The Ice,Loafy Building,https://open.spotify.com/track/5qJZI8bLB2OftRkPYkgBE2
619,Treehouse,Zmeyev,https://open.spotify.com/track/4atvCeHtLVtnDQLXOZ0kMx
620,In for the Kill (Lifelike Remix),Goson,https://open.spotify.com/track/3o4E6Xq9dUTT4imswVdIXh
621,Ultraviolence (Vitalic Remix),RejSende,https://open.spotify.com/track/0YDPNHKTSC0agSj7BJRkLA
622,Taken Away (Instrumental),Chill Beats Music,https://open.spotify.com/track/25MlK7s6TRAvI3JBHrwvyL
623,Maximize 2008,Sátyr,https://open.spotify.com/track/2wC81TCaxUTuZMvUtado8e
624,That Great Love Sound,Downtown Owl,https://open.spotify.com/track/4WMXPm0WaIw49o8fUO3cKD
625,Bad Girls Need Love Too - Extended Version,sftspkn,https://open.spotify.com/track/7KLeEGuKXzWPyAH7xKlRqL
626,Paper Planes,Rnla,https://open.spotify.com/track/303XZmwNkMfh6XfWbyT9zD
627,How I Became Paranoid,Novvel,https://open.spotify.com/track/6rUo4x4NH8V7KnPXMdfkZj
628,Farewell To The Fairground,LostiFi,https://open.spotify.com/track/30lm0PNbPCsWJXdYBqLL5R
629,Geraldine,Chill Beats Music,https://open.spotify.com/track/57pNfaL22ySEQJWcrYHux7
630,Standing Next To Me,Linearwave,https://open.spotify.com/track/2Q4ANCinWR99oti6sftyVc
631,I'll Give You Sympathy,l'Outlander,https://open.spotify.com/track/602IcSITJhnIF1UYueykxE
632,"Nobody Move, Nobody Get Hurt",Rudy Raw,https://open.spotify.com/track/13QGO1Y1auRglUajXeYeOP
633,Idealistic - Extended Mix,softy,https://open.spotify.com/track/6HoPbLOXLboCJmTeZJSxbO
634,Conversation Intercom - Dave Bascombe Radio Mix,Teo,https://open.spotify.com/track/5ntvgPtBosx0PNSgZqc1rg
635,D.A.N.C.E. - Live Version,Zmeyev,https://open.spotify.com/track/0uTA2VE1fm6ZGQyqEWTm3v
636,Cross The Fader,Chill Beats Music,https://open.spotify.com/track/3iFofgOMwY9qA33JMLT7W5
637,Ground Zero,Glimlip,https://open.spotify.com/track/09FaefBumudFplu9w2Hl7w
638,We Own The Sky - Edit,Nogymx,https://open.spotify.com/track/648lSR87i2zqGDiX5H00i6
639,Burst Generator,Project AER,https://open.spotify.com/track/5XtvhUO8SfybqHtdOb4Yo3
640,"Aerodynamic Beats / Gabrielle , Forget About the World",Downtown Owl,https://open.spotify.com/track/7oxalydBrUM3znIiTM5P9R
641,Ooh Yeah - Jeremy Wheatley Radio Mix,Last Memories,https://open.spotify.com/track/3JhTGOEP36gCdtpMgzaWGO
642,The Girl and the Robot - Jeremy Wheatley Radio Edit,Hoffy Beats,https://open.spotify.com/track/76P6IAfqgcPxYLhaS980si
643,Remind me - someone else's radio remix,Hoffy Beats,https://open.spotify.com/track/5jCR7Mp4ocsWHMBYlupiH1
644,The Kelly Affair,Board-Man,https://open.spotify.com/track/4hQmuBZYpWQTLiiIpkJCUd
645,The Comeback,SicknessMP,https://open.spotify.com/track/0HvytyhVaAnNA3rgVPZN1i
646,Make Out Fall Out Make Up,softy,https://open.spotify.com/track/3L0Jy0nnsrrqufsta4FofW
647,French Navy,Zmeyev,https://open.spotify.com/track/2etLkI00MIuvLIyuh5FbTD
648,Pot Kettle Black,Worldtraveller,https://open.spotify.com/track/4Jejaq34IYj4cTMOM7ADMw
649,1940 - Amplive Remix,Cosmonkey,https://open.spotify.com/track/2hvrjpzkMmICannbkh0dTn
650,One in a million,Zmeyev,https://open.spotify.com/track/1VbeCizmvewLknI2ZiIliF
651,Walking On A Dream,Purrple Cat,https://open.spotify.com/track/2ml1buRZv8UvqTNb8JWi85
652,Paris (Aeroplane Remix),SicknessMP,https://open.spotify.com/track/7rwsFWNQmvPk7GovBbSE9U
653,Lust For Life,Chill Beats Music,https://open.spotify.com/track/7cNdpzgouP88cs4sNNAqiA
654,Stuck on Repeat,namzzo,https://open.spotify.com/track/1utbwttyRSdLr5tlUY1t40
655,Come on Be Good,Goson,https://open.spotify.com/track/3qS7Tgzj2C20UFfbPayzJc
656,Neptune's Call,Glimlip,https://open.spotify.com/track/6aYbVwLAaRsDNKT5jUUAWO
657,A Walk In The Dark / Reprise,LostiFi,https://open.spotify.com/track/5az0lrIHg8WDWP547g1gNw
658,"Can't Go Out, Can't Stay In",Saï T,https://open.spotify.com/track/2WYiVWTXflf49CyF5Vgn93
659,Dominos,Chill Beats Music,https://open.spotify.com/track/5Z8WFdnUTsvPBE73EBuNpR
660,Full Moon - Marlow Remix,Bequem,https://open.spotify.com/track/3r83YJyUvkbnIsR9KT45x0
661,I Wanna Be A Style Crusader (Original),Chill Beats Music,https://open.spotify.com/track/568r84al9Dvsk1OeMA6eed
662,Talk Like That,Glimlip,https://open.spotify.com/track/4aD3EK2GsDCBvvbcBOcu32
663,Smokers Outside The Hospital Doors - Radio Edit,SamuW,https://open.spotify.com/track/4gb9M8C5UMG1mlYotiilNA
664,Happy Violentine,Simber,https://open.spotify.com/track/5AJ7rz4GruAuk3I43sAgxa
665,Freak Like Me - BRITS 2003 Version,Tibeauthetraveler,https://open.spotify.com/track/3atGqPz2Zwfmnm1e3NiIGU
666,Let's Dance to Joy Division - To My Boy Remix,Slowheal,https://open.spotify.com/track/3XtzMSNxW0vBJaCv9pSLQa
667,TKO,Byjoelmichael,https://open.spotify.com/track/19nHtOt3U7llh1s4XBpZ7g
668,Don't Listen To The Radio,Hoffy Beats,https://open.spotify.com/track/7xpWUZ7pHcuAHUQqHeJKEX
669,Sleepwalkers,Chill Beats Music,https://open.spotify.com/track/3nZKjSxHPhOah5tZqTsWh6
670,Tiny Structures,Twotrees,https://open.spotify.com/track/1TQWP9HwvLp516cBWqtEyx
671,Lungomare,Refeeld,https://open.spotify.com/track/3aJGP2lJwgsCduog1jmGuE
672,cafe p.m - Instrumental,Saï T,https://open.spotify.com/track/0FDlU2i5VMYhSNKy7WNYau
673,White Lake,Bequem,https://open.spotify.com/track/6QeOUYs8lkF3jIqhiuPkqc
674,Where I'm Meant To Be,damaa.beats,https://open.spotify.com/track/5pRqyaTUGcdrwcvWualdHn
675,Reveries,LostiFi,https://open.spotify.com/track/5az0lrIHg8WDWP547g1gNw
676,Flying Away,Shierro,https://open.spotify.com/track/1F5wcnZz4GRqWUm6dzrFnp
677,Cold Love,Zmeyev,https://open.spotify.com/track/58OKPDQD0TnDb0Od3dbGHa
678,Tomorrow,Jay-Lounge,https://open.spotify.com/track/6nHVIXSGuHzknmQOuUsnj9
679,The Great Indoors,Nogymx,https://open.spotify.com/track/5I34ZsFsE9zTkdHjTnRyYA
680,Fresh,l'Outlander,https://open.spotify.com/track/2OJdqZqdntPaA6QQgxDO7c
681,pineapple express - Instrumental,Hoogway,https://open.spotify.com/track/5bBFLCMyiw4Q4TGl4t814p
682,Spirit's Up,Downtown Owl,https://open.spotify.com/track/7oxalydBrUM3znIiTM5P9R
683,Sparrow,Sátyr,https://open.spotify.com/track/4shSkWNpPgYetDVQosQugZ
684,lonely,Last Memories,https://open.spotify.com/track/0yaBYaPzDqEvN0bYJzxnG8
685,Left Alone,Screen Jazzmaster,https://open.spotify.com/track/5728OBye3peeIkv9qlps0H
686,Picture The Sea,RenBoz,https://open.spotify.com/track/5dPdFjWBCaIEdwzItjqNeW
687,One for Winter,Purrple Cat,https://open.spotify.com/track/7FSU3kJPedAvx8a5Sbi62m
688,Koyo,Teo,https://open.spotify.com/track/55LliCM5kkioTHHFFgkVAd
689,Pax Song,Cosmonkey,https://open.spotify.com/track/0xPzTIrpPSn29lJp6XFo9W
690,Ceiling Stars,Chill Beats Music,https://open.spotify.com/track/4Vekrmrj2S8ZrUlxbVMmsR
691,Broken Clock,No Spirit,https://open.spotify.com/track/4vEx4TerGNnyjGR60gzXYI
692,It's Snowing Outside,H.1,https://open.spotify.com/track/7tT00DTuukaojjAAxmrjqv
693,A Shoulder For Olivia,Chill Beats Music,https://open.spotify.com/track/3CvG7729hBSNpP3S9epNtU
694,Dozy,namzzo,https://open.spotify.com/track/2gzdFP67lkzpdSmLKg5R7C
695,Rüya,Chill Beats Music,https://open.spotify.com/track/2ycutnKbnAJHVKQ3cNMamQ
696,coffee,Tibeauthetraveler,https://open.spotify.com/track/3lxbyzX36Lrkl99xkwXzm1
697,Overtime,Woodville,https://open.spotify.com/track/0y8QbNzjsCMYbPxSoSU8QV
698,raindrops,softy,https://open.spotify.com/track/6DAM6X44F0ghkVJ3LCwy0z
699,Come Walk With Me,Project AER,https://open.spotify.com/track/7JLotSAhXp3wGI0vOwYjzM
700,Bubbles,Loafy Building,https://open.spotify.com/track/34yGHmCajATZleHXZ6xyFn
701,Illuminated Springs,Screen Jazzmaster,https://open.spotify.com/track/0eUyvXi1OHuJxikJau7tiw
702,Sweet Afternoon,l'Outlander,https://open.spotify.com/track/4u6HB2WGajSD5tqgJU1ibB
703,Still Chillin',vhsgus,https://open.spotify.com/track/40WiGkZKPR9kFpMIC0qSiQ
704,Blowing,Enluv,https://open.spotify.com/track/3p7XtEhSqQuRaZtTtsxsNI
705,Twilight Dance,Downtown Owl,https://open.spotify.com/track/0ZrXecbl1huEmQYAVBmTFs
706,open late - Instrumental,Zmeyev,https://open.spotify.com/track/5vmCNAuHKG8dxCUcUmmUvC
707,7Days Sea,softy,https://open.spotify.com/track/5T2ogJEsiQczEzqVJ0TQjN
708,Waterfall,Kayou.,https://open.spotify.com/track/1fk3DPjrgmmeLX7urEDN1w
709,Caribou,Yestalgia,https://open.spotify.com/track/4JikzgX4HfLkurA2txYPdU
710,Winter's Tale,Zmeyev,https://open.spotify.com/track/0eqh4wVjHN1pMuxh8me4kN
711,Likesomeoneinluv,Chill Beats Music,https://open.spotify.com/track/3tbjXCP1GBguGJgD6gWYf2
712,You Never Know,Hoffy Beats,https://open.spotify.com/track/09Ynz9gdxbHguW3qVwC6pa
713,Jazzy,TABAL,https://open.spotify.com/track/3ckuLQ4V3sm1cBP58Qh45g
714,Palos Verdes,a boy with a balloon,https://open.spotify.com/track/36yvqxZxi648NAsL4C6ThM
715,Sunny Day at the Beach,lower fidelity,https://open.spotify.com/track/6KocN4RZWrRE3IxceU9j5q
716,Coffee Bean,Leave,https://open.spotify.com/track/7F9hBhvAremTysz2qepPUv
717,sunday morning,.Sinh,https://open.spotify.com/track/28kiHT6zsQr4XBTlh6ZM4k
718,World Beyond the Clouds,Loafy Building,https://open.spotify.com/track/5qJZI8bLB2OftRkPYkgBE2
719,Passengers,Zmeyev,https://open.spotify.com/track/4atvCeHtLVtnDQLXOZ0kMx
720,Nap,Goson,https://open.spotify.com/track/3o4E6Xq9dUTT4imswVdIXh
721,Lotus,RejSende,https://open.spotify.com/track/0YDPNHKTSC0agSj7BJRkLA
722,Blessed,Chill Beats Music,https://open.spotify.com/track/25MlK7s6TRAvI3JBHrwvyL
723,Morning Walks,Sátyr,https://open.spotify.com/track/2wC81TCaxUTuZMvUtado8e
724,Underwater,Downtown Owl,https://open.spotify.com/track/4WMXPm0WaIw49o8fUO3cKD
725,from far away,sftspkn,https://open.spotify.com/track/7KLeEGuKXzWPyAH7xKlRqL
726,Tent City,Rnla,https://open.spotify.com/track/303XZmwNkMfh6XfWbyT9zD
727,Lavras,Novvel,https://open.spotify.com/track/6rUo4x4NH8V7KnPXMdfkZj
728,Kilika,LostiFi,https://open.spotify.com/track/30lm0PNbPCsWJXdYBqLL5R
729,Some Kinda Way,Chill Beats Music,https://open.spotify.com/track/57pNfaL22ySEQJWcrYHux7
730,Open the Door,Linearwave,https://open.spotify.com/track/2Q4ANCinWR99oti6sftyVc
731,Waltz of the Waves,l'Outlander,https://open.spotify.com/track/602IcSITJhnIF1UYueykxE
732,Moonlight,Rudy Raw,https://open.spotify.com/track/13QGO1Y1auRglUajXeYeOP
733,Comfort Zone,softy,https://open.spotify.com/track/6HoPbLOXLboCJmTeZJSxbO
734,Thallium,Teo,https://open.spotify.com/track/5ntvgPtBosx0PNSgZqc1rg
735,Shinjuku,Zmeyev,https://open.spotify.com/track/0uTA2VE1fm6ZGQyqEWTm3v
736,hold the elevator!,Chill Beats Music,https://open.spotify.com/track/3iFofgOMwY9qA33JMLT7W5
737,Nightlife,Glimlip,https://open.spotify.com/track/09FaefBumudFplu9w2Hl7w
738,Evolving,Nogymx,https://open.spotify.com/track/648lSR87i2zqGDiX5H00i6
739,Fuji,Project AER,https://open.spotify.com/track/5XtvhUO8SfybqHtdOb4Yo3
740,When The Heart Beats,Downtown Owl,https://open.spotify.com/track/7oxalydBrUM3znIiTM5P9R
741,Coffee Break,Last Memories,https://open.spotify.com/track/3JhTGOEP36gCdtpMgzaWGO
742,Vibezin,Hoffy Beats,https://open.spotify.com/track/76P6IAfqgcPxYLhaS980si
743,Rainy Day,Hoffy Beats,https://open.spotify.com/track/5jCR7Mp4ocsWHMBYlupiH1
744,Dusk to Dawn,Board-Man,https://open.spotify.com/track/4hQmuBZYpWQTLiiIpkJCUd
745,always on my mind,SicknessMP,https://open.spotify.com/track/0HvytyhVaAnNA3rgVPZN1i
746,Nourish,softy,https://open.spotify.com/track/3L0Jy0nnsrrqufsta4FofW
747,Surface,Zmeyev,https://open.spotify.com/track/2etLkI00MIuvLIyuh5FbTD
748,Clouds,Worldtraveller,https://open.spotify.com/track/4Jejaq34IYj4cTMOM7ADMw
749,Dancing Amidst Clouds,Cosmonkey,https://open.spotify.com/track/2hvrjpzkMmICannbkh0dTn
750,A New Chapter,Zmeyev,https://open.spotify.com/track/1VbeCizmvewLknI2ZiIliF
751,Letter,Purrple Cat,https://open.spotify.com/track/2ml1buRZv8UvqTNb8JWi85
752,Peace Meeting,SicknessMP,https://open.spotify.com/track/7rwsFWNQmvPk7GovBbSE9U
753,Lost & Found,Chill Beats Music,https://open.spotify.com/track/7cNdpzgouP88cs4sNNAqiA
754,Reconnect,namzzo,https://open.spotify.com/track/1utbwttyRSdLr5tlUY1t40
755,Nostalgia,Goson,https://open.spotify.com/track/3qS7Tgzj2C20UFfbPayzJc
756,Rainfall,Glimlip,https://open.spotify.com/track/6aYbVwLAaRsDNKT5jUUAWO
757,Alfresco,LostiFi,https://open.spotify.com/track/5az0lrIHg8WDWP547g1gNw
758,Respiration,Saï T,https://open.spotify.com/track/2WYiVWTXflf49CyF5Vgn93
759,Ethereal Traces,Chill Beats Music,https://open.spotify.com/track/5Z8WFdnUTsvPBE73EBuNpR
760,Beauty Around You,Bequem,https://open.spotify.com/track/3r83YJyUvkbnIsR9KT45x0
761,Crate Diggers,Chill Beats Music,https://open.spotify.com/track/568r84al9Dvsk1OeMA6eed
762,Twilight Liquor,Glimlip,https://open.spotify.com/track/4aD3EK2GsDCBvvbcBOcu32
763,Childhood Dreams,SamuW,https://open.spotify.com/track/4gb9M8C5UMG1mlYotiilNA
764,love actually,Simber,https://open.spotify.com/track/5AJ7rz4GruAuk3I43sAgxa
765,Self-Explanatory,Tibeauthetraveler,https://open.spotify.com/track/3atGqPz2Zwfmnm1e3NiIGU
766,I bumped into you in the hallway,Slowheal,https://open.spotify.com/track/3XtzMSNxW0vBJaCv9pSLQa
767,Evening Lights,Byjoelmichael,https://open.spotify.com/track/19nHtOt3U7llh1s4XBpZ7g
768,fireplace,Hoffy Beats,https://open.spotify.com/track/7xpWUZ7pHcuAHUQqHeJKEX
769,Static Second,Chill Beats Music,https://open.spotify.com/track/3nZKjSxHPhOah5tZqTsWh6
770,Malibu - Acoustic,Twotrees,https://open.spotify.com/track/1TQWP9HwvLp516cBWqtEyx
771,Get Lucky - Acoustic,Refeeld,https://open.spotify.com/track/3aJGP2lJwgsCduog1jmGuE
772,Scared To Be Lonely - Acoustic,Saï T,https://open.spotify.com/track/0FDlU2i5VMYhSNKy7WNYau
773,City of Stars,Bequem,https://open.spotify.com/track/6QeOUYs8lkF3jIqhiuPkqc
774,"I'm Not the Only One - Live from Spotify, London",damaa.beats,https://open.spotify.com/track/5pRqyaTUGcdrwcvWualdHn
775,We Found Love,LostiFi,https://open.spotify.com/track/5az0lrIHg8WDWP547g1gNw
776,Cryin',Shierro,https://open.spotify.com/track/1F5wcnZz4GRqWUm6dzrFnp
777,Human Nature - Acoustic,Zmeyev,https://open.spotify.com/track/58OKPDQD0TnDb0Od3dbGHa
778,Thunder - Acoustic,Jay-Lounge,https://open.spotify.com/track/6nHVIXSGuHzknmQOuUsnj9
779,Fix You - Live,Nogymx,https://open.spotify.com/track/5I34ZsFsE9zTkdHjTnRyYA
780,Every Breath You Take (feat. Liza Anne),l'Outlander,https://open.spotify.com/track/2OJdqZqdntPaA6QQgxDO7c
781,Girls Just Wanna Have Fun - Acoustic,Hoogway,https://open.spotify.com/track/5bBFLCMyiw4Q4TGl4t814p
782,She Will Be Loved - Acoustic,Downtown Owl,https://open.spotify.com/track/7oxalydBrUM3znIiTM5P9R
783,Photograph (feat. Bea Miller),Sátyr,https://open.spotify.com/track/4shSkWNpPgYetDVQosQugZ
784,In My Life,Last Memories,https://open.spotify.com/track/0yaBYaPzDqEvN0bYJzxnG8
785,Something Just Like This - Acoustic,Screen Jazzmaster,https://open.spotify.com/track/5728OBye3peeIkv9qlps0H
786,I Feel It Coming - Acoustic Live Lounge,RenBoz,https://open.spotify.com/track/5dPdFjWBCaIEdwzItjqNeW
787,Sorry,Purrple Cat,https://open.spotify.com/track/7FSU3kJPedAvx8a5Sbi62m
788,Umbrella - Acoustic Version,Teo,https://open.spotify.com/track/55LliCM5kkioTHHFFgkVAd
789,What About Us - Acoustic,Cosmonkey,https://open.spotify.com/track/0xPzTIrpPSn29lJp6XFo9W
790,Perfect - Acoustic,Chill Beats Music,https://open.spotify.com/track/4Vekrmrj2S8ZrUlxbVMmsR
791,It Aint me - Acoustic,No Spirit,https://open.spotify.com/track/4vEx4TerGNnyjGR60gzXYI
792,2U - Acoustic Version,H.1,https://open.spotify.com/track/7tT00DTuukaojjAAxmrjqv
793,No One - Acoustic,Chill Beats Music,https://open.spotify.com/track/3CvG7729hBSNpP3S9epNtU
794,Blinding Lights,namzzo,https://open.spotify.com/track/2gzdFP67lkzpdSmLKg5R7C
795,We Can't Stop - Acoustic,Chill Beats Music,https://open.spotify.com/track/2ycutnKbnAJHVKQ3cNMamQ
796,There's Nothing Holdin Me Back,Tibeauthetraveler,https://open.spotify.com/track/3lxbyzX36Lrkl99xkwXzm1
797,Crazy - Live Sessions,Woodville,https://open.spotify.com/track/0y8QbNzjsCMYbPxSoSU8QV
798,Chandelier - Live from The Village,softy,https://open.spotify.com/track/6DAM6X44F0ghkVJ3LCwy0z
799,Agua,Project AER,https://open.spotify.com/track/7JLotSAhXp3wGI0vOwYjzM
800,Closer,Loafy Building,https://open.spotify.com/track/34yGHmCajATZleHXZ6xyFn
801,If I Ain't Got You - Piano & Vocal Version,Screen Jazzmaster,https://open.spotify.com/track/0eUyvXi1OHuJxikJau7tiw
802,Let Her Go - Acoustic,l'Outlander,https://open.spotify.com/track/4u6HB2WGajSD5tqgJU1ibB
803,Don't Wanna Know - Acoustic Version,vhsgus,https://open.spotify.com/track/40WiGkZKPR9kFpMIC0qSiQ
804,Señorita - Acoustic Version,Enluv,https://open.spotify.com/track/3p7XtEhSqQuRaZtTtsxsNI
805,Naked - Acoustic Version,Downtown Owl,https://open.spotify.com/track/0ZrXecbl1huEmQYAVBmTFs
806,Havana - Acoustic,Zmeyev,https://open.spotify.com/track/5vmCNAuHKG8dxCUcUmmUvC
807,Let It Go,softy,https://open.spotify.com/track/5T2ogJEsiQczEzqVJ0TQjN
808,Baby One More Time - Recorded at Spotify Studios New York City,Kayou.,https://open.spotify.com/track/1fk3DPjrgmmeLX7urEDN1w
809,Algo contigo,Yestalgia,https://open.spotify.com/track/4JikzgX4HfLkurA2txYPdU
810,Heaven Is a Place on Earth,Zmeyev,https://open.spotify.com/track/0eqh4wVjHN1pMuxh8me4kN
811,Starboy - Acoustic,Chill Beats Music,https://open.spotify.com/track/3tbjXCP1GBguGJgD6gWYf2
812,Stolen Dance,Hoffy Beats,https://open.spotify.com/track/09Ynz9gdxbHguW3qVwC6pa
813,All of Me - Live from Spotify Milan,TABAL,https://open.spotify.com/track/3ckuLQ4V3sm1cBP58Qh45g
814,I'm the One - Acoustic,a boy with a balloon,https://open.spotify.com/track/36yvqxZxi648NAsL4C6ThM
815,Attention - Acoustic,lower fidelity,https://open.spotify.com/track/6KocN4RZWrRE3IxceU9j5q
816,High Hopes,Leave,https://open.spotify.com/track/7F9hBhvAremTysz2qepPUv
817,Chasing Cars,.Sinh,https://open.spotify.com/track/28kiHT6zsQr4XBTlh6ZM4k
818,Blank Space/Stand By Me - Live From Spotify London,Loafy Building,https://open.spotify.com/track/5qJZI8bLB2OftRkPYkgBE2
819,IDGAF - Acoustic,Zmeyev,https://open.spotify.com/track/4atvCeHtLVtnDQLXOZ0kMx
820,La Vie En Rose,Goson,https://open.spotify.com/track/3o4E6Xq9dUTT4imswVdIXh
821,Rockabye - Acoustic Version,RejSende,https://open.spotify.com/track/0YDPNHKTSC0agSj7BJRkLA
822,Another Love - Live from Spotify (SXSW),Chill Beats Music,https://open.spotify.com/track/25MlK7s6TRAvI3JBHrwvyL
823,Scars To Your Beautiful,Sátyr,https://open.spotify.com/track/2wC81TCaxUTuZMvUtado8e
824,Slide - Acoustic Version,Downtown Owl,https://open.spotify.com/track/4WMXPm0WaIw49o8fUO3cKD
825,Torn - Acoustic MTV Unplugged,sftspkn,https://open.spotify.com/track/7KLeEGuKXzWPyAH7xKlRqL
826,Stay With Me - Live From Spotify Berlin,Rnla,https://open.spotify.com/track/303XZmwNkMfh6XfWbyT9zD
827,Lot To Learn,Novvel,https://open.spotify.com/track/6rUo4x4NH8V7KnPXMdfkZj
828,Maps,LostiFi,https://open.spotify.com/track/30lm0PNbPCsWJXdYBqLL5R
829,Sunday Morning - Acoustic,Chill Beats Music,https://open.spotify.com/track/57pNfaL22ySEQJWcrYHux7
830,Too Good At Goodbyes - Acoustic,Linearwave,https://open.spotify.com/track/2Q4ANCinWR99oti6sftyVc
831,Kiss Me - AOL Sessions Acoustic Version,l'Outlander,https://open.spotify.com/track/602IcSITJhnIF1UYueykxE
832,Don't Start Now,Rudy Raw,https://open.spotify.com/track/13QGO1Y1auRglUajXeYeOP
833,In My Blood,softy,https://open.spotify.com/track/6HoPbLOXLboCJmTeZJSxbO
834,Sugar - Acoustic,Teo,https://open.spotify.com/track/5ntvgPtBosx0PNSgZqc1rg
835,Cold Water,Zmeyev,https://open.spotify.com/track/0uTA2VE1fm6ZGQyqEWTm3v
836,Shape of You - Acoustic,Chill Beats Music,https://open.spotify.com/track/3iFofgOMwY9qA33JMLT7W5
837,In My Mind,Glimlip,https://open.spotify.com/track/09FaefBumudFplu9w2Hl7w
838,Set Fire To The Rain,Nogymx,https://open.spotify.com/track/648lSR87i2zqGDiX5H00i6
839,September Song - Guitar Acoustic,Project AER,https://open.spotify.com/track/5XtvhUO8SfybqHtdOb4Yo3
840,XO,Downtown Owl,https://open.spotify.com/track/7oxalydBrUM3znIiTM5P9R
841,Firestone - Live Acoustic Version,Last Memories,https://open.spotify.com/track/3JhTGOEP36gCdtpMgzaWGO
842,Linger,Hoffy Beats,https://open.spotify.com/track/76P6IAfqgcPxYLhaS980si
843,You Are My Sunshine,Hoffy Beats,https://open.spotify.com/track/5jCR7Mp4ocsWHMBYlupiH1
844,She's On My Mind - Guitar Acoustic,Board-Man,https://open.spotify.com/track/4hQmuBZYpWQTLiiIpkJCUd
845,1973 - Acoustic,SicknessMP,https://open.spotify.com/track/0HvytyhVaAnNA3rgVPZN1i
846,Ordinary World,softy,https://open.spotify.com/track/3L0Jy0nnsrrqufsta4FofW
847,Make Me (Cry) - Acoustic,Zmeyev,https://open.spotify.com/track/2etLkI00MIuvLIyuh5FbTD
848,Price Tag - Acoustic Version,Worldtraveller,https://open.spotify.com/track/4Jejaq34IYj4cTMOM7ADMw
849,Too Much To Ask - Acoustic,Cosmonkey,https://open.spotify.com/track/2hvrjpzkMmICannbkh0dTn
850,Creep,Zmeyev,https://open.spotify.com/track/1VbeCizmvewLknI2ZiIliF
851,In My Life,Purrple Cat,https://open.spotify.com/track/2ml1buRZv8UvqTNb8JWi85
852,"Mad World - Recorded at Metropolis Studios, London",SicknessMP,https://open.spotify.com/track/7rwsFWNQmvPk7GovBbSE9U
853,Perfect Strangers - Acoustic,Chill Beats Music,https://open.spotify.com/track/7cNdpzgouP88cs4sNNAqiA
854,I Like Me Better - Recorded at Spotify Studios NYC,namzzo,https://open.spotify.com/track/1utbwttyRSdLr5tlUY1t40
855,Rather Be,Goson,https://open.spotify.com/track/3qS7Tgzj2C20UFfbPayzJc
856,Give Me Everything,Glimlip,https://open.spotify.com/track/6aYbVwLAaRsDNKT5jUUAWO
857,Fast Car,LostiFi,https://open.spotify.com/track/5az0lrIHg8WDWP547g1gNw
858,High and Dry,Saï T,https://open.spotify.com/track/2WYiVWTXflf49CyF5Vgn93
859,True Colours,Chill Beats Music,https://open.spotify.com/track/5Z8WFdnUTsvPBE73EBuNpR
860,Ain't Nobody (Loves Me Better) - Acoustic,Bequem,https://open.spotify.com/track/3r83YJyUvkbnIsR9KT45x0
861,Time After Time,Chill Beats Music,https://open.spotify.com/track/568r84al9Dvsk1OeMA6eed
862,Stay,Glimlip,https://open.spotify.com/track/4aD3EK2GsDCBvvbcBOcu32
863,Ciao Adios - Acoustic,SamuW,https://open.spotify.com/track/4gb9M8C5UMG1mlYotiilNA
864,Stitches,Simber,https://open.spotify.com/track/5AJ7rz4GruAuk3I43sAgxa
865,Slow Hands - Acoustic,Tibeauthetraveler,https://open.spotify.com/track/3atGqPz2Zwfmnm1e3NiIGU
866,Summertime Sadness (Acoustic Cover) feat. Keelan Donovan,Slowheal,https://open.spotify.com/track/3XtzMSNxW0vBJaCv9pSLQa
867,Hey Brother,Byjoelmichael,https://open.spotify.com/track/19nHtOt3U7llh1s4XBpZ7g
868,Chained To The Rhythm,Hoffy Beats,https://open.spotify.com/track/7xpWUZ7pHcuAHUQqHeJKEX
869,Wild Love - Acoustic,Chill Beats Music,https://open.spotify.com/track/3nZKjSxHPhOah5tZqTsWh6
870,You Were There,Twotrees,https://open.spotify.com/track/1TQWP9HwvLp516cBWqtEyx
871,The Mountain Will Fall,Refeeld,https://open.spotify.com/track/3aJGP2lJwgsCduog1jmGuE
872,The Sideshow (feat. Ernie Fresh),Saï T,https://open.spotify.com/track/0FDlU2i5VMYhSNKy7WNYau
873,Arena,Bequem,https://open.spotify.com/track/6QeOUYs8lkF3jIqhiuPkqc
874,Shangri-La,damaa.beats,https://open.spotify.com/track/5pRqyaTUGcdrwcvWualdHn
875,Genesis,LostiFi,https://open.spotify.com/track/5az0lrIHg8WDWP547g1gNw
876,D.A.N.C.E.,Shierro,https://open.spotify.com/track/1F5wcnZz4GRqWUm6dzrFnp
877,Let There Be Light,Zmeyev,https://open.spotify.com/track/58OKPDQD0TnDb0Od3dbGHa
878,Phantom,Jay-Lounge,https://open.spotify.com/track/6nHVIXSGuHzknmQOuUsnj9
879,"Phantom, Pt. II",Nogymx,https://open.spotify.com/track/5I34ZsFsE9zTkdHjTnRyYA
880,Blizzard,l'Outlander,https://open.spotify.com/track/2OJdqZqdntPaA6QQgxDO7c
881,Testarossa Autodrive,Hoogway,https://open.spotify.com/track/5bBFLCMyiw4Q4TGl4t814p
882,Rampage,Downtown Owl,https://open.spotify.com/track/7oxalydBrUM3znIiTM5P9R
883,Da Funk,Sátyr,https://open.spotify.com/track/4shSkWNpPgYetDVQosQugZ
884,Wild for the Night (feat. Skrillex & Birdy Nam Nam),Last Memories,https://open.spotify.com/track/0yaBYaPzDqEvN0bYJzxnG8
885,Helix,Screen Jazzmaster,https://open.spotify.com/track/5728OBye3peeIkv9qlps0H
886,On'n'On,RenBoz,https://open.spotify.com/track/5dPdFjWBCaIEdwzItjqNeW
887,Viol,Purrple Cat,https://open.spotify.com/track/7FSU3kJPedAvx8a5Sbi62m
888,Pursuit,Teo,https://open.spotify.com/track/55LliCM5kkioTHHFFgkVAd
889,Aleph,Cosmonkey,https://open.spotify.com/track/0xPzTIrpPSn29lJp6XFo9W
890,Odd Look,Chill Beats Music,https://open.spotify.com/track/4Vekrmrj2S8ZrUlxbVMmsR
891,Wayfarer,No Spirit,https://open.spotify.com/track/4vEx4TerGNnyjGR60gzXYI
892,Disco Zombi Italia,H.1,https://open.spotify.com/track/7tT00DTuukaojjAAxmrjqv
893,Le Perv,Chill Beats Music,https://open.spotify.com/track/3CvG7729hBSNpP3S9epNtU
894,Hang'em All,namzzo,https://open.spotify.com/track/2gzdFP67lkzpdSmLKg5R7C
895,Angst : Four,Chill Beats Music,https://open.spotify.com/track/2ycutnKbnAJHVKQ3cNMamQ
896,Make This Right,Tibeauthetraveler,https://open.spotify.com/track/3lxbyzX36Lrkl99xkwXzm1
897,DNA,Woodville,https://open.spotify.com/track/0y8QbNzjsCMYbPxSoSU8QV
898,Lights Out,softy,https://open.spotify.com/track/6DAM6X44F0ghkVJ3LCwy0z
899,Me No Care,Project AER,https://open.spotify.com/track/7JLotSAhXp3wGI0vOwYjzM
900,Hadouken (VIP),Loafy Building,https://open.spotify.com/track/34yGHmCajATZleHXZ6xyFn
901,Head Splitter,Screen Jazzmaster,https://open.spotify.com/track/0eUyvXi1OHuJxikJau7tiw
902,Mr. B (feat. Dominic Lalli),l'Outlander,https://open.spotify.com/track/4u6HB2WGajSD5tqgJU1ibB
903,I Remember - J Majik & Wickaman Remix,vhsgus,https://open.spotify.com/track/40WiGkZKPR9kFpMIC0qSiQ
904,Into the Labyrinth,Enluv,https://open.spotify.com/track/3p7XtEhSqQuRaZtTtsxsNI
905,Burn It Down,Downtown Owl,https://open.spotify.com/track/0ZrXecbl1huEmQYAVBmTFs
906,The Prestige,Zmeyev,https://open.spotify.com/track/5vmCNAuHKG8dxCUcUmmUvC
907,Running Wild,softy,https://open.spotify.com/track/5T2ogJEsiQczEzqVJ0TQjN
908,Soldiers,Kayou.,https://open.spotify.com/track/1fk3DPjrgmmeLX7urEDN1w
909,Stranger Things - Extended,Yestalgia,https://open.spotify.com/track/4JikzgX4HfLkurA2txYPdU
910,Hydrogen,Zmeyev,https://open.spotify.com/track/0eqh4wVjHN1pMuxh8me4kN
911,84' Dreamin,Chill Beats Music,https://open.spotify.com/track/3tbjXCP1GBguGJgD6gWYf2
912,Quixotic,Hoffy Beats,https://open.spotify.com/track/09Ynz9gdxbHguW3qVwC6pa
913,Future Club,TABAL,https://open.spotify.com/track/3ckuLQ4V3sm1cBP58Qh45g
914,Sexualizer (feat. Flash Arnold),a boy with a balloon,https://open.spotify.com/track/36yvqxZxi648NAsL4C6ThM
915,Lady,lower fidelity,https://open.spotify.com/track/6KocN4RZWrRE3IxceU9j5q
916,Miami Disco,Leave,https://open.spotify.com/track/7F9hBhvAremTysz2qepPUv
917,In The Face Of Evil,.Sinh,https://open.spotify.com/track/28kiHT6zsQr4XBTlh6ZM4k
918,Run,Loafy Building,https://open.spotify.com/track/5qJZI8bLB2OftRkPYkgBE2
919,Miami - Original Mix,Zmeyev,https://open.spotify.com/track/4atvCeHtLVtnDQLXOZ0kMx
920,Voyager - Original Mix,Goson,https://open.spotify.com/track/3o4E6Xq9dUTT4imswVdIXh
921,She Swallowed Burning Coals,RejSende,https://open.spotify.com/track/0YDPNHKTSC0agSj7BJRkLA
922,Wolfpack (feat. Maskarade),Chill Beats Music,https://open.spotify.com/track/25MlK7s6TRAvI3JBHrwvyL
923,"Pirates, Punks & Politics (feat. Perry Farrell)",Sátyr,https://open.spotify.com/track/2wC81TCaxUTuZMvUtado8e
924,All Black Everything (feat. Gallows),Downtown Owl,https://open.spotify.com/track/4WMXPm0WaIw49o8fUO3cKD
925,Warp 7.7 (feat. Steve Aoki),sftspkn,https://open.spotify.com/track/7KLeEGuKXzWPyAH7xKlRqL
926,Beautiful - Original Mix,Rnla,https://open.spotify.com/track/303XZmwNkMfh6XfWbyT9zD
927,Again (feat. XXXTENTACION),Novvel,https://open.spotify.com/track/6rUo4x4NH8V7KnPXMdfkZj
928,Hands (feat. Denai Moore),LostiFi,https://open.spotify.com/track/30lm0PNbPCsWJXdYBqLL5R
929,Krush Groove,Chill Beats Music,https://open.spotify.com/track/57pNfaL22ySEQJWcrYHux7
930,Mental,Linearwave,https://open.spotify.com/track/2Q4ANCinWR99oti6sftyVc
931,Southside Groove,l'Outlander,https://open.spotify.com/track/602IcSITJhnIF1UYueykxE
932,Playtime Is Over,Rudy Raw,https://open.spotify.com/track/13QGO1Y1auRglUajXeYeOP
933,Disintegration - Dirtyphonics Remix,softy,https://open.spotify.com/track/6HoPbLOXLboCJmTeZJSxbO
934,Get Innocuous!,Teo,https://open.spotify.com/track/5ntvgPtBosx0PNSgZqc1rg
935,Cult,Zmeyev,https://open.spotify.com/track/0uTA2VE1fm6ZGQyqEWTm3v
936,Thieves,Chill Beats Music,https://open.spotify.com/track/3iFofgOMwY9qA33JMLT7W5
937,Around the Globe,Glimlip,https://open.spotify.com/track/09FaefBumudFplu9w2Hl7w
938,I Never Knew,Nogymx,https://open.spotify.com/track/648lSR87i2zqGDiX5H00i6
939,Planisphere,Project AER,https://open.spotify.com/track/5XtvhUO8SfybqHtdOb4Yo3
940,Dance Yrself Clean,Downtown Owl,https://open.spotify.com/track/7oxalydBrUM3znIiTM5P9R
941,Citi Bike,Last Memories,https://open.spotify.com/track/3JhTGOEP36gCdtpMgzaWGO
942,Chase II,Hoffy Beats,https://open.spotify.com/track/76P6IAfqgcPxYLhaS980si
943,Deceptacon (DFA Rmx) By Tim Goldsworthy & James Murphy for the Dfa,Hoffy Beats,https://open.spotify.com/track/5jCR7Mp4ocsWHMBYlupiH1
944,Divide & Conquer,Board-Man,https://open.spotify.com/track/4hQmuBZYpWQTLiiIpkJCUd
945,"4'18"" 'Till the End",SicknessMP,https://open.spotify.com/track/0HvytyhVaAnNA3rgVPZN1i
946,Diamonds,softy,https://open.spotify.com/track/3L0Jy0nnsrrqufsta4FofW
947,The End,Zmeyev,https://open.spotify.com/track/2etLkI00MIuvLIyuh5FbTD
948,Daemon,Worldtraveller,https://open.spotify.com/track/4Jejaq34IYj4cTMOM7ADMw
949,Adieu,Cosmonkey,https://open.spotify.com/track/2hvrjpzkMmICannbkh0dTn
950,Warlord,Zmeyev,https://open.spotify.com/track/1VbeCizmvewLknI2ZiIliF
951,Ottomatic,Purrple Cat,https://open.spotify.com/track/2ml1buRZv8UvqTNb8JWi85
952,Dreams,SicknessMP,https://open.spotify.com/track/7rwsFWNQmvPk7GovBbSE9U
953,Motorcycle Boy,Chill Beats Music,https://open.spotify.com/track/7cNdpzgouP88cs4sNNAqiA
954,Sonic Crusader,namzzo,https://open.spotify.com/track/1utbwttyRSdLr5tlUY1t40
955,Drill,Goson,https://open.spotify.com/track/3qS7Tgzj2C20UFfbPayzJc
956,Parliament Of The Rooks,Glimlip,https://open.spotify.com/track/6aYbVwLAaRsDNKT5jUUAWO
957,"Ash Sync - Air, Alex Gopher & Etienne De Crécy Version",LostiFi,https://open.spotify.com/track/5az0lrIHg8WDWP547g1gNw
958,Future Crypto,Saï T,https://open.spotify.com/track/2WYiVWTXflf49CyF5Vgn93
959,Celestial Breakdown,Chill Beats Music,https://open.spotify.com/track/5Z8WFdnUTsvPBE73EBuNpR
960,Wow Esme,Bequem,https://open.spotify.com/track/3r83YJyUvkbnIsR9KT45x0
961,Brest,Chill Beats Music,https://open.spotify.com/track/568r84al9Dvsk1OeMA6eed
962,U Betta,Glimlip,https://open.spotify.com/track/4aD3EK2GsDCBvvbcBOcu32
963,Angel Speak,SamuW,https://open.spotify.com/track/4gb9M8C5UMG1mlYotiilNA
964,Do It 4 U,Simber,https://open.spotify.com/track/5AJ7rz4GruAuk3I43sAgxa
965,Zeal,Tibeauthetraveler,https://open.spotify.com/track/3atGqPz2Zwfmnm1e3NiIGU
966,Super Ink Burst,Slowheal,https://open.spotify.com/track/3XtzMSNxW0vBJaCv9pSLQa
967,Delta,Byjoelmichael,https://open.spotify.com/track/19nHtOt3U7llh1s4XBpZ7g
968,Início,Hoffy Beats,https://open.spotify.com/track/7xpWUZ7pHcuAHUQqHeJKEX
969,Livin' at Mumsies,Chill Beats Music,https://open.spotify.com/track/3nZKjSxHPhOah5tZqTsWh6
